episode,reward,waiting,queue,arrived,epsilon,phase_counts,phases_used,dominant_phase,dominant_pct
1,5259.721874999997,5906.891666666666,43.873333333333335,1361.0,0.998,"{""0"": 66, ""1"": 65}",2,0,50.4
2,4977.048625,5953.056111111111,44.34777777777778,1307.0,0.996004,"{""0"": 64, ""1"": 64}",2,0,50.0
3,5083.87162500001,5853.5344444444445,43.539722222222224,1325.0,0.994011992,"{""0"": 71, ""1"": 71}",2,0,50.0
4,5159.728874999997,5863.488333333334,43.74666666666667,1340.0,0.992023968016,"{""0"": 69, ""1"": 69}",2,0,50.0
5,5049.197125,5896.073888888889,43.48555555555556,1320.0,0.990039920079968,"{""0"": 69, ""1"": 69}",2,0,50.0
6,5116.520749999997,5835.085555555555,43.22944444444445,1328.0,0.9880598402398081,"{""0"": 65, ""1"": 65}",2,0,50.0
7,4753.35362499999,5842.864444444444,43.12583333333333,1259.0,0.9860837205593285,"{""0"": 76, ""1"": 75}",2,0,50.3
8,5134.035062499986,5882.285833333333,43.58083333333333,1336.0,0.9841115531182099,"{""0"": 71, ""1"": 71}",2,0,50.0
9,5417.387687499987,5743.979722222222,42.840833333333336,1384.0,0.9821433300119734,"{""0"": 63, ""1"": 63}",2,0,50.0
10,5173.969750000002,5872.920555555555,43.59916666666667,1343.0,0.9801790433519495,"{""0"": 71, ""1"": 71}",2,0,50.0
11,5112.1215000000075,5929.579444444445,43.771388888888886,1334.0,0.9782186852652456,"{""0"": 74, ""1"": 74}",2,0,50.0
12,5129.3639999999805,5837.115555555555,43.22666666666667,1331.0,0.976262247894715,"{""0"": 69, ""1"": 69}",2,0,50.0
13,5171.102999999984,5841.772777777778,43.090833333333336,1342.0,0.9743097233989256,"{""0"": 74, ""1"": 74}",2,0,50.0
14,5150.217437499993,5776.883611111111,42.867777777777775,1334.0,0.9723611039521278,"{""0"": 72, ""1"": 71}",2,0,50.3
15,5185.100499999993,5930.225555555556,43.76888888888889,1349.0,0.9704163817442236,"{""0"": 68, ""1"": 68}",2,0,50.0
16,5157.535062500007,5870.746944444444,43.47083333333333,1339.0,0.9684755489807352,"{""0"": 71, ""1"": 71}",2,0,50.0
17,5182.1840624999995,5797.148611111111,42.961666666666666,1342.0,0.9665385978827737,"{""0"": 72, ""1"": 71}",2,0,50.3
18,5303.141999999997,5876.23,43.522222222222226,1369.0,0.9646055206870082,"{""0"": 71, ""1"": 71}",2,0,50.0
19,5263.212812500002,5892.134722222222,43.66694444444445,1363.0,0.9626763096456342,"{""0"": 71, ""1"": 71}",2,0,50.0
20,5008.840000000021,5771.930555555556,42.47527777777778,1306.0,0.9607509570263429,"{""0"": 75, ""1"": 75}",2,0,50.0
21,5098.389312499996,5761.769722222222,42.925,1323.0,0.9588294551122902,"{""0"": 65, ""1"": 65}",2,0,50.0
22,4977.3291875,5700.370277777778,42.166666666666664,1294.0,0.9569117962020657,"{""0"": 73, ""1"": 72}",2,0,50.3
23,5159.394937499992,5722.461388888889,42.45333333333333,1333.0,0.9549979726096616,"{""0"": 70, ""1"": 69}",2,0,50.4
24,5314.835562500006,5858.436388888889,43.58777777777778,1370.0,0.9530879766644422,"{""0"": 68, ""1"": 68}",2,0,50.0
25,5237.531125000003,5750.445,42.80555555555556,1349.0,0.9511818007111134,"{""0"": 69, ""1"": 69}",2,0,50.0
26,5042.856187500013,5911.9725,43.727777777777774,1320.0,0.9492794371096911,"{""0"": 72, ""1"": 71}",2,0,50.3
27,5196.5096250000015,5788.1738888888885,43.245,1344.0,0.9473808782354717,"{""0"": 71, ""1"": 71}",2,0,50.0
28,5217.4983750000065,5777.435,42.72944444444445,1347.0,0.9454861164790007,"{""0"": 72, ""1"": 71}",2,0,50.3
29,5050.066437500015,5804.526944444445,43.156666666666666,1314.0,0.9435951442460427,"{""0"": 69, ""1"": 69}",2,0,50.0
30,5047.442625000003,6017.055,44.522777777777776,1324.0,0.9417079539575507,"{""0"": 65, ""1"": 65}",2,0,50.0
31,5062.049062500016,5764.715277777777,42.70944444444444,1313.0,0.9398245380496356,"{""0"": 71, ""1"": 70}",2,0,50.4
32,5072.339562500007,5879.5297222222225,43.718333333333334,1321.0,0.9379448889735363,"{""0"": 65, ""1"": 65}",2,0,50.0
33,4994.26812499997,5878.622222222222,43.29361111111111,1308.0,0.9360689991955893,"{""0"": 69, ""1"": 69}",2,0,50.0
34,4966.545250000015,5896.887777777778,43.54388888888889,1302.0,0.9341968611971981,"{""0"": 67, ""1"": 67}",2,0,50.0
35,4920.208625000004,5811.283888888889,42.915,1290.0,0.9323284674748037,"{""0"": 71, ""1"": 71}",2,0,50.0
36,5400.173562500005,5875.1258333333335,44.115833333333335,1388.0,0.930463810539854,"{""0"": 67, ""1"": 67}",2,0,50.0
37,4902.873750000001,5671.066666666667,42.221666666666664,1279.0,0.9286028829187744,"{""0"": 68, ""1"": 67}",2,0,50.4
38,4966.401500000001,5825.196111111111,43.13527777777778,1300.0,0.9267456771529368,"{""0"": 69, ""1"": 68}",2,0,50.4
39,5276.93812500001,5833.677777777778,42.956944444444446,1362.0,0.9248921857986309,"{""0"": 71, ""1"": 70}",2,0,50.4
40,5438.967437500001,5736.869722222223,42.994166666666665,1389.0,0.9230424014270336,"{""0"": 70, ""1"": 69}",2,0,50.4
41,5187.523624999998,5831.9366666666665,43.201388888888886,1344.0,0.9211963166241796,"{""0"": 67, ""1"": 67}",2,0,50.0
42,5331.359125000012,5817.756666666667,43.261944444444445,1372.0,0.9193539239909312,"{""0"": 69, ""1"": 69}",2,0,50.0
43,4862.074999999995,5885.127777777778,43.66777777777778,1282.0,0.9175152161429493,"{""0"": 66, ""1"": 66}",2,0,50.0
44,5185.055375000002,5758.434444444444,42.80694444444445,1338.0,0.9156801857106633,"{""0"": 66, ""1"": 65}",2,0,50.4
45,5217.160750000004,5927.966111111111,43.979166666666664,1354.0,0.913848825339242,"{""0"": 69, ""1"": 69}",2,0,50.0
46,5089.00106250001,5977.848055555555,44.0925,1333.0,0.9120211276885636,"{""0"": 74, ""1"": 74}",2,0,50.0
47,5021.217874999994,5839.2538888888885,42.78611111111111,1312.0,0.9101970854331864,"{""0"": 72, ""1"": 72}",2,0,50.0
48,5292.438874999993,5892.477222222222,43.937777777777775,1367.0,0.9083766912623201,"{""0"": 64, ""1"": 64}",2,0,50.0
49,5081.941375000009,5920.482777777778,43.47222222222222,1327.0,0.9065599378797955,"{""0"": 74, ""1"": 74}",2,0,50.0
50,5240.044187500006,5742.953611111111,42.72666666666667,1349.0,0.9047468180040359,"{""0"": 72, ""1"": 71}",2,0,50.3
51,4991.859687499995,5895.5375,43.83638888888889,1308.0,0.9029373243680279,"{""0"": 68, ""1"": 68}",2,0,50.0
52,5115.574937499999,5887.119722222223,43.485277777777775,1335.0,0.9011314497192918,"{""0"": 76, ""1"": 76}",2,0,50.0
53,5096.395187499989,5945.9325,44.06722222222222,1332.0,0.8993291868198532,"{""0"": 69, ""1"": 69}",2,0,50.0
54,4973.795375000017,5794.778888888889,43.04361111111111,1300.0,0.8975305284462135,"{""0"": 70, ""1"": 70}",2,0,50.0
55,5281.535937499994,5788.104166666667,42.99861111111111,1360.0,0.8957354673893211,"{""0"": 69, ""1"": 69}",2,0,50.0
56,5088.326312500001,5843.235833333333,43.27861111111111,1326.0,0.8939439964545425,"{""0"": 75, ""1"": 75}",2,0,50.0
57,4970.323937500013,5771.560277777778,42.93611111111111,1295.0,0.8921561084616334,"{""0"": 66, ""1"": 66}",2,0,50.0
58,5088.717750000014,5905.290555555555,43.429722222222225,1329.0,0.8903717962447101,"{""0"": 71, ""1"": 71}",2,0,50.0
59,5091.150687500014,5780.658055555556,42.803333333333335,1323.0,0.8885910526522206,"{""0"": 69, ""1"": 69}",2,0,50.0
60,4939.411499999999,5877.335,43.04472222222222,1296.0,0.8868138705469162,"{""0"": 74, ""1"": 74}",2,0,50.0
61,5005.060125000013,5786.691111111111,42.8875,1305.0,0.8850402428058224,"{""0"": 65, ""1"": 65}",2,0,50.0
62,5135.146687499996,5727.2175,42.551944444444445,1328.0,0.8832701623202107,"{""0"": 65, ""1"": 65}",2,0,50.0
63,5617.114500000008,5784.818888888889,43.214444444444446,1427.0,0.8815036219955703,"{""0"": 69, ""1"": 68}",2,0,50.4
64,4999.71518750001,5934.901944444445,43.85305555555556,1312.0,0.8797406147515792,"{""0"": 70, ""1"": 70}",2,0,50.0
65,5076.584062500007,5948.565277777778,43.88944444444444,1328.0,0.877981133522076,"{""0"": 72, ""1"": 71}",2,0,50.3
66,5074.83293749999,5925.884166666667,43.746944444444445,1325.0,0.8762251712550319,"{""0"": 68, ""1"": 67}",2,0,50.4
67,5125.338874999989,5827.877222222222,42.95333333333333,1330.0,0.8744727209125218,"{""0"": 71, ""1"": 71}",2,0,50.0
68,5004.340437499999,5821.8175,42.91138888888889,1308.0,0.8727237754706968,"{""0"": 72, ""1"": 72}",2,0,50.0
69,5027.168062500007,5896.853055555555,43.617777777777775,1316.0,0.8709783279197554,"{""0"": 72, ""1"": 72}",2,0,50.0
70,5387.721250000007,5824.05,43.48833333333334,1383.0,0.8692363712639158,"{""0"": 71, ""1"": 70}",2,0,50.4
71,5156.221250000018,5800.922222222222,43.120555555555555,1337.0,0.867497898521388,"{""0"": 76, ""1"": 76}",2,0,50.0
72,5417.9493125,5718.941944444445,43.00611111111111,1383.0,0.8657629027243453,"{""0"": 64, ""1"": 64}",2,0,50.0
73,4992.967312499996,5705.106388888889,42.35666666666667,1299.0,0.8640313769188966,"{""0"": 73, ""1"": 72}",2,0,50.3
74,4960.443062499997,5815.1947222222225,42.783611111111114,1296.0,0.8623033141650589,"{""0"": 73, ""1"": 73}",2,0,50.0
75,5431.685500000011,5772.158888888889,43.151666666666664,1390.0,0.8605787075367288,"{""0"": 73, ""1"": 73}",2,0,50.0
76,5145.659187500003,5822.261944444444,43.28638888888889,1334.0,0.8588575501216553,"{""0"": 69, ""1"": 69}",2,0,50.0
77,5159.989499999991,5808.596666666666,43.26444444444444,1338.0,0.857139835021412,"{""0"": 71, ""1"": 71}",2,0,50.0
78,4674.16612500001,5877.011666666666,43.18055555555556,1244.0,0.8554255553513692,"{""0"": 75, ""1"": 75}",2,0,50.0
79,5293.581437499996,5855.318611111111,43.37916666666667,1366.0,0.8537147042406664,"{""0"": 72, ""1"": 71}",2,0,50.3
80,5088.481312499992,5897.641388888889,43.7025,1328.0,0.8520072748321851,"{""0"": 71, ""1"": 71}",2,0,50.0
81,4991.549812500006,5966.406388888889,44.14277777777778,1312.0,0.8503032602825207,"{""0"": 69, ""1"": 69}",2,0,50.0
82,4879.4540625,5922.715277777777,43.41833333333334,1288.0,0.8486026537619556,"{""0"": 72, ""1"": 72}",2,0,50.0
83,5037.933437499983,5754.704166666666,42.5925,1310.0,0.8469054484544317,"{""0"": 67, ""1"": 67}",2,0,50.0
84,5060.898624999981,5763.439444444444,43.028888888888886,1313.0,0.8452116375575228,"{""0"": 66, ""1"": 66}",2,0,50.0
85,4975.1853125,5754.870833333333,42.69722222222222,1297.0,0.8435212142824078,"{""0"": 70, ""1"": 69}",2,0,50.4
86,4991.434687499995,5879.254166666667,43.2675,1307.0,0.841834171853843,"{""0"": 71, ""1"": 70}",2,0,50.4
87,5167.157875000001,5847.087222222222,43.221111111111114,1341.0,0.8401505035101353,"{""0"": 73, ""1"": 73}",2,0,50.0
88,5268.222750000002,5758.879444444445,42.585277777777776,1355.0,0.838470202503115,"{""0"": 71, ""1"": 71}",2,0,50.0
89,5197.871250000008,5905.552777777778,43.60194444444444,1350.0,0.8367932620981088,"{""0"": 72, ""1"": 72}",2,0,50.0
90,5242.054000000006,5729.346111111111,42.285833333333336,1350.0,0.8351196755739125,"{""0"": 75, ""1"": 74}",2,0,50.3
91,5101.123749999994,5646.988888888889,41.74888888888889,1316.0,0.8334494362227647,"{""0"": 74, ""1"": 74}",2,0,50.0
92,5150.8198124999935,5789.275833333333,43.096944444444446,1335.0,0.8317825373503192,"{""0"": 73, ""1"": 73}",2,0,50.0
93,5115.388875000006,5960.638333333333,43.99944444444444,1337.0,0.8301189722756185,"{""0"": 70, ""1"": 69}",2,0,50.4
94,5275.24693750001,5908.946944444445,43.73722222222222,1365.0,0.8284587343310672,"{""0"": 65, ""1"": 65}",2,0,50.0
95,4961.063749999999,5776.541666666667,42.67583333333334,1297.0,0.8268018168624051,"{""0"": 76, ""1"": 76}",2,0,50.0
96,5098.1492499999995,5880.264444444444,43.67666666666667,1328.0,0.8251482132286803,"{""0"": 68, ""1"": 67}",2,0,50.4
97,5338.931500000021,5836.737777777777,42.86222222222222,1377.0,0.823497916802223,"{""0"": 80, ""1"": 80}",2,0,50.0
98,4904.245500000005,5736.675555555556,42.38444444444445,1280.0,0.8218509209686186,"{""0"": 77, ""1"": 76}",2,0,50.3
99,5226.579999999992,5949.094444444445,43.78,1358.0,0.8202072191266814,"{""0"": 74, ""1"": 74}",2,0,50.0
100,4943.539937500019,5894.6947222222225,43.80166666666667,1298.0,0.818566804688428,"{""0"": 67, ""1"": 67}",2,0,50.0
101,5068.573312499993,5826.129722222222,43.16555555555556,1321.0,0.8169296710790511,"{""0"": 72, ""1"": 71}",2,0,50.3
102,4796.940000000007,5822.691666666667,43.16305555555556,1264.0,0.815295811736893,"{""0"": 67, ""1"": 66}",2,0,50.4
103,5124.542687500001,5885.421388888889,43.169444444444444,1335.0,0.8136652201134192,"{""0"": 73, ""1"": 73}",2,0,50.0
104,5329.950250000005,5851.062777777778,43.6325,1373.0,0.8120378896731923,"{""0"": 72, ""1"": 71}",2,0,50.3
105,5390.553687499996,5858.114166666666,43.34527777777778,1386.0,0.8104138138938459,"{""0"": 72, ""1"": 71}",2,0,50.3
106,5017.337937500007,5952.195277777778,44.02472222222222,1317.0,0.8087929862660582,"{""0"": 74, ""1"": 74}",2,0,50.0
107,5214.468875000005,5940.824444444444,43.881388888888885,1354.0,0.8071754002935261,"{""0"": 71, ""1"": 71}",2,0,50.0
108,5183.745937499984,5801.059722222222,42.893055555555556,1343.0,0.805561049492939,"{""0"": 74, ""1"": 74}",2,0,50.0
109,5227.565062499995,5850.488611111111,43.205555555555556,1354.0,0.8039499273939532,"{""0"": 75, ""1"": 75}",2,0,50.0
110,5045.539437499995,5795.6525,42.82277777777778,1313.0,0.8023420275391653,"{""0"": 68, ""1"": 67}",2,0,50.4
111,4894.463437499996,5924.856944444445,43.74722222222222,1290.0,0.800737343484087,"{""0"": 71, ""1"": 70}",2,0,50.4
112,4814.481062500002,5688.623055555556,42.026666666666664,1264.0,0.7991358687971188,"{""0"": 74, ""1"": 74}",2,0,50.0
113,4870.419312499999,5821.466944444444,43.16138888888889,1280.0,0.7975375970595246,"{""0"": 68, ""1"": 68}",2,0,50.0
114,4823.762062499997,5795.8075,42.68333333333333,1270.0,0.7959425218654056,"{""0"": 71, ""1"": 71}",2,0,50.0
115,5066.949187500011,5878.511944444444,43.32972222222222,1324.0,0.7943506368216747,"{""0"": 78, ""1"": 77}",2,0,50.3
116,5219.782937500017,5825.534166666666,43.59305555555556,1348.0,0.7927619355480314,"{""0"": 62, ""1"": 61}",2,0,50.4
117,4843.23056250001,5826.708611111111,42.97944444444445,1275.0,0.7911764116769353,"{""0"": 74, ""1"": 74}",2,0,50.0
118,5255.126124999992,5868.739444444444,43.800555555555555,1359.0,0.7895940588535815,"{""0"": 65, ""1"": 65}",2,0,50.0
119,5006.937812500002,5690.493055555556,42.278333333333336,1299.0,0.7880148707358743,"{""0"": 69, ""1"": 69}",2,0,50.0
120,5189.266374999997,5772.424444444445,42.72805555555556,1341.0,0.7864388409944025,"{""0"": 71, ""1"": 71}",2,0,50.0
121,4979.208125000006,5840.983333333334,43.28138888888889,1302.0,0.7848659633124138,"{""0"": 68, ""1"": 68}",2,0,50.0
122,5091.301500000004,5804.1211111111115,43.17888888888889,1323.0,0.783296231385789,"{""0"": 64, ""1"": 63}",2,0,50.4
123,5319.813812500007,5797.783055555556,43.151666666666664,1370.0,0.7817296389230174,"{""0"": 76, ""1"": 76}",2,0,50.0
124,5246.798750000005,5877.777777777777,43.53111111111111,1360.0,0.7801661796451713,"{""0"": 73, ""1"": 73}",2,0,50.0
125,5051.805875000016,5799.179444444444,43.24888888888889,1314.0,0.778605847285881,"{""0"": 67, ""1"": 67}",2,0,50.0
126,5161.688374999995,5954.823888888889,44.18666666666667,1346.0,0.7770486355913092,"{""0"": 71, ""1"": 71}",2,0,50.0
127,5046.297499999996,5729.347222222223,42.61361111111111,1310.0,0.7754945383201266,"{""0"": 66, ""1"": 65}",2,0,50.4
128,4996.967624999981,5884.710555555555,43.54888888888889,1309.0,0.7739435492434863,"{""0"": 71, ""1"": 71}",2,0,50.0
129,5230.147437499992,5834.166944444444,43.20388888888889,1352.0,0.7723956621449993,"{""0"": 72, ""1"": 71}",2,0,50.3
130,5188.097374999987,5917.275555555556,44.05138888888889,1348.0,0.7708508708207094,"{""0"": 68, ""1"": 68}",2,0,50.0
131,5138.812000000001,5689.23,42.568888888888885,1325.0,0.769309169079068,"{""0"": 66, ""1"": 66}",2,0,50.0
132,5028.212249999996,5929.820555555556,43.94583333333333,1317.0,0.7677705507409098,"{""0"": 69, ""1"": 69}",2,0,50.0
133,5186.569312499996,5931.105833333333,43.75861111111111,1349.0,0.766235009639428,"{""0"": 73, ""1"": 73}",2,0,50.0
134,4842.630687499989,5892.755277777777,43.660833333333336,1277.0,0.7647025396201492,"{""0"": 64, ""1"": 64}",2,0,50.0
135,5271.676374999987,5772.682777777778,42.797777777777775,1359.0,0.763173134540909,"{""0"": 79, ""1"": 78}",2,0,50.3
136,5193.543812499999,5779.858055555555,42.72527777777778,1343.0,0.7616467882718272,"{""0"": 68, ""1"": 68}",2,0,50.0
137,4954.417999999999,5824.347777777778,42.92388888888889,1296.0,0.7601234946952835,"{""0"": 72, ""1"": 71}",2,0,50.3
138,5046.234812500005,5777.2175,42.95444444444445,1313.0,0.7586032477058929,"{""0"": 73, ""1"": 73}",2,0,50.0
139,5033.009937499995,5859.191944444445,43.2875,1315.0,0.7570860412104812,"{""0"": 69, ""1"": 69}",2,0,50.0
140,5379.032500000008,5885.247222222222,43.4775,1386.0,0.7555718691280602,"{""0"": 71, ""1"": 71}",2,0,50.0
141,4939.439874999997,5817.767222222222,43.175,1294.0,0.7540607253898041,"{""0"": 72, ""1"": 71}",2,0,50.3
142,4933.702062499999,5801.990833333333,42.93333333333333,1292.0,0.7525526039390245,"{""0"": 67, ""1"": 66}",2,0,50.4
143,5047.132687500004,5811.396388888889,43.048611111111114,1317.0,0.7510474987311464,"{""0"": 75, ""1"": 74}",2,0,50.3
144,4789.990499999995,5924.583888888889,43.826388888888886,1270.0,0.7495454037336841,"{""0"": 68, ""1"": 68}",2,0,50.0
145,5219.830874999997,6002.318333333334,44.318333333333335,1359.0,0.7480463129262167,"{""0"": 68, ""1"": 68}",2,0,50.0
146,5220.93937500001,5922.027777777777,44.049166666666665,1356.0,0.7465502203003642,"{""0"": 72, ""1"": 72}",2,0,50.0
147,5245.899999999998,5917.319444444444,44.21527777777778,1360.0,0.7450571198597635,"{""0"": 68, ""1"": 68}",2,0,50.0
148,5201.945000000003,5844.219444444445,43.23861111111111,1348.0,0.743567005620044,"{""0"": 72, ""1"": 71}",2,0,50.3
149,5061.586562499998,5911.4430555555555,43.81722222222222,1322.0,0.7420798716088038,"{""0"": 67, ""1"": 67}",2,0,50.0
150,4944.734562499999,5940.538055555556,44.0725,1301.0,0.7405957118655863,"{""0"": 67, ""1"": 67}",2,0,50.0
151,5195.149249999993,5863.511666666666,43.41583333333333,1347.0,0.7391145204418551,"{""0"": 69, ""1"": 69}",2,0,50.0
152,5016.045749999993,5776.288333333333,42.5925,1308.0,0.7376362914009714,"{""0"": 78, ""1"": 77}",2,0,50.3
153,5233.6839375000145,5885.9575,43.7475,1356.0,0.7361610188181695,"{""0"": 70, ""1"": 70}",2,0,50.0
154,4992.136312499992,5701.7525,42.316944444444445,1298.0,0.7346886967805332,"{""0"": 66, ""1"": 65}",2,0,50.4
155,4931.176749999991,5767.361666666667,42.896388888888886,1289.0,0.733219319386972,"{""0"": 67, ""1"": 66}",2,0,50.4
156,4993.325062500006,5879.7025,43.15472222222222,1309.0,0.7317528807481981,"{""0"": 71, ""1"": 71}",2,0,50.0
157,5091.818062500007,5878.969722222222,43.586666666666666,1327.0,0.7302893749867018,"{""0"": 61, ""1"": 61}",2,0,50.0
158,4910.246375000004,5851.274444444444,43.34916666666667,1290.0,0.7288287962367284,"{""0"": 71, ""1"": 70}",2,0,50.4
159,4812.020250000019,5941.748888888889,43.44111111111111,1274.0,0.727371138644255,"{""0"": 72, ""1"": 72}",2,0,50.0
160,4626.739750000007,5859.6177777777775,43.248333333333335,1232.0,0.7259163963669665,"{""0"": 67, ""1"": 66}",2,0,50.4
161,5124.981500000008,5881.668333333333,43.29138888888889,1335.0,0.7244645635742325,"{""0"": 75, ""1"": 74}",2,0,50.3
162,5099.0455625,5900.7725,43.749722222222225,1329.0,0.723015634447084,"{""0"": 69, ""1"": 68}",2,0,50.4
163,5101.823187500008,5957.0275,43.90083333333333,1333.0,0.7215696031781899,"{""0"": 70, ""1"": 69}",2,0,50.4
164,4761.261312499988,5800.3775,42.901666666666664,1257.0,0.7201264639718334,"{""0"": 69, ""1"": 68}",2,0,50.4
165,5096.083750000009,5748.227777777778,42.74,1320.0,0.7186862110438897,"{""0"": 71, ""1"": 71}",2,0,50.0
166,5201.977625000001,5791.338333333333,42.61222222222222,1346.0,0.717248838621802,"{""0"": 74, ""1"": 74}",2,0,50.0
167,5079.669062500002,5838.0986111111115,43.29555555555555,1324.0,0.7158143409445584,"{""0"": 74, ""1"": 74}",2,0,50.0
168,5152.958875000006,5835.805,43.085,1337.0,0.7143827122626694,"{""0"": 73, ""1"": 73}",2,0,50.0
169,5053.522812500018,5866.351388888889,43.56027777777778,1319.0,0.7129539468381441,"{""0"": 71, ""1"": 71}",2,0,50.0
170,5303.439374999994,5624.408333333334,41.96666666666667,1357.0,0.7115280389444678,"{""0"": 71, ""1"": 71}",2,0,50.0
171,5217.73674999998,5899.836666666667,43.56944444444444,1355.0,0.7101049828665789,"{""0"": 74, ""1"": 73}",2,0,50.3
172,5007.901374999992,5788.5633333333335,43.045833333333334,1305.0,0.7086847729008457,"{""0"": 67, ""1"": 66}",2,0,50.4
173,5161.291187500012,5917.4447222222225,43.66777777777778,1343.0,0.707267403355044,"{""0"": 71, ""1"": 71}",2,0,50.0
174,5122.666687500004,5757.1175,42.55305555555555,1328.0,0.705852868548334,"{""0"": 71, ""1"": 71}",2,0,50.0
175,5055.259000000004,5818.479444444444,42.90083333333333,1318.0,0.7044411628112373,"{""0"": 70, ""1"": 70}",2,0,50.0
176,5092.22224999999,5769.976111111111,42.77027777777778,1321.0,0.7030322804856147,"{""0"": 65, ""1"": 65}",2,0,50.0
177,5374.114187500001,5878.514722222222,43.68944444444445,1382.0,0.7016262159246435,"{""0"": 62, ""1"": 62}",2,0,50.0
178,5448.919125000008,5938.445555555556,43.98305555555555,1402.0,0.7002229634927942,"{""0"": 70, ""1"": 70}",2,0,50.0
179,5384.468437499991,5853.093055555555,43.31861111111111,1386.0,0.6988225175658086,"{""0"": 82, ""1"": 81}",2,0,50.3
180,5276.194437499999,5863.099722222222,43.45361111111111,1364.0,0.697424872530677,"{""0"": 70, ""1"": 70}",2,0,50.0
181,5173.811749999993,5890.006111111111,43.496944444444445,1345.0,0.6960300227856157,"{""0"": 77, ""1"": 76}",2,0,50.3
182,5395.201562500011,5613.0125,41.67861111111111,1373.0,0.6946379627400444,"{""0"": 79, ""1"": 78}",2,0,50.3
183,4983.186437500001,5870.835277777778,43.58638888888889,1306.0,0.6932486868145643,"{""0"": 70, ""1"": 70}",2,0,50.0
184,5211.7066250000125,5924.39,43.808055555555555,1355.0,0.6918621894409351,"{""0"": 72, ""1"": 72}",2,0,50.0
185,4991.174625000001,5818.951666666667,42.73833333333334,1304.0,0.6904784650620532,"{""0"": 81, ""1"": 81}",2,0,50.0
186,5033.6770625,5867.0075,43.498333333333335,1314.0,0.6890975081319292,"{""0"": 73, ""1"": 73}",2,0,50.0
187,4922.709125000012,5896.084444444445,43.61527777777778,1295.0,0.6877193131156653,"{""0"": 69, ""1"": 69}",2,0,50.0
188,5053.895374999991,5983.942777777777,43.93555555555555,1326.0,0.6863438744894339,"{""0"": 77, ""1"": 76}",2,0,50.3
189,5370.580749999994,5807.899444444444,43.37972222222222,1378.0,0.684971186740455,"{""0"": 67, ""1"": 67}",2,0,50.0
190,5183.4366874999905,5961.731388888889,44.18277777777778,1350.0,0.6836012443669741,"{""0"": 70, ""1"": 70}",2,0,50.0
191,5000.858937500013,5917.435277777778,43.63305555555556,1311.0,0.6822340418782402,"{""0"": 67, ""1"": 67}",2,0,50.0
192,5035.9398750000055,5828.845,43.28666666666667,1311.0,0.6808695737944838,"{""0"": 67, ""1"": 67}",2,0,50.0
193,5151.186687499983,5828.870277777778,43.193888888888885,1336.0,0.6795078346468948,"{""0"": 72, ""1"": 72}",2,0,50.0
194,5226.2166875,5917.136944444444,43.50944444444445,1358.0,0.678148818977601,"{""0"": 75, ""1"": 75}",2,0,50.0
195,5282.671625,5835.445555555556,43.456944444444446,1364.0,0.6767925213396458,"{""0"": 70, ""1"": 70}",2,0,50.0
196,5138.872062499989,5784.7908333333335,42.88333333333333,1333.0,0.6754389362969666,"{""0"": 70, ""1"": 69}",2,0,50.4
197,5139.197250000007,5832.795555555555,43.33555555555556,1334.0,0.6740880584243727,"{""0"": 68, ""1"": 67}",2,0,50.4
198,4924.544624999994,5899.518333333333,43.57555555555555,1297.0,0.6727398823075239,"{""0"": 80, ""1"": 80}",2,0,50.0
199,5180.267187500005,5829.129166666667,43.129444444444445,1343.0,0.6713944025429088,"{""0"": 69, ""1"": 69}",2,0,50.0
200,5275.096375,5868.393888888889,43.24,1364.0,0.670051613737823,"{""0"": 71, ""1"": 71}",2,0,50.0
201,5035.107437500001,5823.436388888889,42.880833333333335,1315.0,0.6687115105103473,"{""0"": 79, ""1"": 79}",2,0,50.0
202,5183.844312499982,5950.525277777778,43.81666666666667,1350.0,0.6673740874893266,"{""0"": 74, ""1"": 73}",2,0,50.3
203,5356.455625000001,5788.063888888889,42.702222222222225,1376.0,0.6660393393143479,"{""0"": 70, ""1"": 70}",2,0,50.0
204,5073.773749999999,5887.427777777778,43.48833333333334,1326.0,0.6647072606357192,"{""0"": 78, ""1"": 78}",2,0,50.0
205,5095.630625000004,5837.283333333334,43.530277777777776,1325.0,0.6633778461144477,"{""0"": 60, ""1"": 60}",2,0,50.0
206,4694.438749999987,5806.294444444445,43.20611111111111,1243.0,0.6620510904222189,"{""0"": 61, ""1"": 61}",2,0,50.0
207,4960.3811875000065,5717.589166666667,42.45777777777778,1293.0,0.6607269882413744,"{""0"": 69, ""1"": 69}",2,0,50.0
208,4983.492625000003,5921.549444444445,43.53722222222222,1309.0,0.6594055342648917,"{""0"": 72, ""1"": 72}",2,0,50.0
209,5176.071937499995,5902.141388888889,43.66222222222222,1345.0,0.6580867231963619,"{""0"": 70, ""1"": 69}",2,0,50.4
210,5306.306687500016,5863.703611111111,43.654444444444444,1370.0,0.6567705497499692,"{""0"": 71, ""1"": 71}",2,0,50.0
211,5221.795125000012,5795.821666666667,42.81166666666667,1348.0,0.6554570086504692,"{""0"": 74, ""1"": 74}",2,0,50.0
212,5241.727000000004,5840.432777777778,43.02527777777778,1357.0,0.6541460946331682,"{""0"": 74, ""1"": 73}",2,0,50.3
213,4961.962812500014,5845.648611111111,43.132222222222225,1301.0,0.6528378024439019,"{""0"": 71, ""1"": 71}",2,0,50.0
214,5332.23043749999,5744.1675,42.903055555555554,1366.0,0.6515321268390141,"{""0"": 64, ""1"": 64}",2,0,50.0
215,5060.121437499994,5801.388055555555,42.82388888888889,1318.0,0.6502290625853361,"{""0"": 76, ""1"": 76}",2,0,50.0
216,5138.176250000023,5855.258333333333,43.3625,1337.0,0.6489286044601654,"{""0"": 76, ""1"": 75}",2,0,50.3
217,4969.028937499999,5951.338055555556,43.833888888888886,1308.0,0.6476307472512451,"{""0"": 78, ""1"": 78}",2,0,50.0
218,5033.257937500001,5809.645277777778,43.0375,1310.0,0.6463354857567426,"{""0"": 63, ""1"": 62}",2,0,50.4
219,5212.015312499998,5806.965277777777,43.24111111111111,1348.0,0.6450428147852291,"{""0"": 72, ""1"": 71}",2,0,50.3
220,5181.196937499985,5895.349722222222,43.76916666666666,1346.0,0.6437527291556586,"{""0"": 69, ""1"": 69}",2,0,50.0
221,5059.082249999989,5800.565,42.9375,1317.0,0.6424652236973473,"{""0"": 73, ""1"": 72}",2,0,50.3
222,4918.247312500004,5772.414722222222,42.59027777777778,1287.0,0.6411802932499525,"{""0"": 72, ""1"": 72}",2,0,50.0
223,5417.829625000002,5920.829444444445,44.12888888888889,1394.0,0.6398979326634526,"{""0"": 64, ""1"": 64}",2,0,50.0
224,5148.874312500006,5715.128055555556,42.50972222222222,1329.0,0.6386181367981257,"{""0"": 71, ""1"": 71}",2,0,50.0
225,5124.852562500001,5829.6913888888885,43.01583333333333,1330.0,0.6373409005245295,"{""0"": 70, ""1"": 70}",2,0,50.0
226,4615.281187500001,5763.766944444445,42.55388888888889,1227.0,0.6360662187234805,"{""0"": 71, ""1"": 70}",2,0,50.4
227,5165.828937499993,5964.063055555555,44.219722222222224,1346.0,0.6347940862860335,"{""0"": 67, ""1"": 67}",2,0,50.0
228,5179.390124999991,5843.710555555555,43.35,1344.0,0.6335244981134615,"{""0"": 72, ""1"": 71}",2,0,50.3
229,5253.9561875,5916.678055555555,43.693333333333335,1362.0,0.6322574491172346,"{""0"": 73, ""1"": 73}",2,0,50.0
230,5092.778000000002,5780.167222222222,42.856944444444444,1323.0,0.6309929342190002,"{""0"": 73, ""1"": 73}",2,0,50.0
231,5152.077374999996,5875.747777777778,43.72694444444444,1339.0,0.6297309483505622,"{""0"": 64, ""1"": 64}",2,0,50.0
232,5145.726499999993,5790.612777777777,43.09916666666667,1335.0,0.6284714864538611,"{""0"": 72, ""1"": 72}",2,0,50.0
233,4724.814249999995,5788.514444444444,42.49777777777778,1250.0,0.6272145434809534,"{""0"": 72, ""1"": 72}",2,0,50.0
234,5508.7878125000125,5718.448611111111,42.599444444444444,1403.0,0.6259601143939915,"{""0"": 71, ""1"": 70}",2,0,50.4
235,5183.962437499979,5882.383611111111,43.62277777777778,1346.0,0.6247081941652035,"{""0"": 74, ""1"": 73}",2,0,50.3
236,5183.671437500001,5868.640833333333,43.2875,1348.0,0.6234587777768731,"{""0"": 83, ""1"": 82}",2,0,50.3
237,5347.727312500014,5676.225833333333,42.50416666666667,1367.0,0.6222118602213194,"{""0"": 71, ""1"": 70}",2,0,50.4
238,4997.491000000009,5834.517777777778,43.041111111111114,1308.0,0.6209674365008767,"{""0"": 81, ""1"": 81}",2,0,50.0
239,4903.209437499992,5794.344166666667,42.97527777777778,1283.0,0.619725501627875,"{""0"": 66, ""1"": 66}",2,0,50.0
240,5270.204187500004,5949.703611111111,44.21944444444444,1366.0,0.6184860506246193,"{""0"": 65, ""1"": 64}",2,0,50.4
241,5354.637374999985,5784.3533333333335,43.073055555555555,1373.0,0.61724907852337,"{""0"": 69, ""1"": 69}",2,0,50.0
242,5075.158500000006,5800.373333333333,42.772777777777776,1320.0,0.6160145803663232,"{""0"": 70, ""1"": 70}",2,0,50.0
243,5018.3599374999985,5770.966944444444,42.57944444444445,1309.0,0.6147825512055906,"{""0"": 78, ""1"": 77}",2,0,50.3
244,5426.675375000012,5755.151111111111,42.956944444444446,1388.0,0.6135529861031793,"{""0"": 75, ""1"": 75}",2,0,50.0
245,4636.396999999997,5883.349444444444,43.25805555555556,1238.0,0.612325880130973,"{""0"": 75, ""1"": 75}",2,0,50.0
246,5122.355875000008,5766.662777777778,42.90888888888889,1327.0,0.611101228370711,"{""0"": 65, ""1"": 64}",2,0,50.4
247,4775.723937500001,5972.6575,43.93194444444445,1270.0,0.6098790259139696,"{""0"": 74, ""1"": 74}",2,0,50.0
248,5073.670750000007,5843.246666666667,43.14111111111111,1322.0,0.6086592678621416,"{""0"": 76, ""1"": 76}",2,0,50.0
249,4863.569625000001,5843.768333333333,43.195,1280.0,0.6074419493264174,"{""0"": 67, ""1"": 67}",2,0,50.0
250,5055.988187499999,5755.824722222223,42.81444444444445,1312.0,0.6062270654277645,"{""0"": 60, ""1"": 60}",2,0,50.0
251,4926.346312499998,5847.463611111111,43.371944444444445,1293.0,0.6050146112969089,"{""0"": 69, ""1"": 69}",2,0,50.0
252,5080.75818750001,5854.924722222222,43.20388888888889,1326.0,0.6038045820743151,"{""0"": 76, ""1"": 76}",2,0,50.0
253,5301.815249999994,5796.0072222222225,42.86472222222222,1365.0,0.6025969729101665,"{""0"": 70, ""1"": 70}",2,0,50.0
254,5015.189374999986,5756.105555555556,42.780277777777776,1305.0,0.6013917789643461,"{""0"": 69, ""1"": 69}",2,0,50.0
255,5021.777874999995,5897.417777777778,43.61527777777778,1316.0,0.6001889954064175,"{""0"": 76, ""1"": 76}",2,0,50.0
256,4710.997374999999,5830.2283333333335,43.03111111111111,1247.0,0.5989886174156046,"{""0"": 61, ""1"": 61}",2,0,50.0
257,5223.51824999999,5813.924444444445,42.93277777777778,1352.0,0.5977906401807734,"{""0"": 74, ""1"": 74}",2,0,50.0
258,5062.92075,5919.977222222222,43.665277777777774,1324.0,0.5965950589004119,"{""0"": 75, ""1"": 75}",2,0,50.0
259,4934.049687500009,5823.365277777778,42.79694444444444,1293.0,0.595401868782611,"{""0"": 72, ""1"": 72}",2,0,50.0
260,4871.0923124999945,5750.939722222222,42.48722222222222,1277.0,0.5942110650450458,"{""0"": 76, ""1"": 76}",2,0,50.0
261,5186.0569375,5743.819166666667,42.47611111111111,1339.0,0.5930226429149558,"{""0"": 74, ""1"": 74}",2,0,50.0
262,4973.727875000018,5969.881666666667,44.035555555555554,1308.0,0.5918365976291259,"{""0"": 66, ""1"": 66}",2,0,50.0
263,5221.8668749999915,5812.347222222223,43.41888888888889,1349.0,0.5906529244338676,"{""0"": 70, ""1"": 70}",2,0,50.0
264,4846.315625000005,5861.0,43.53472222222222,1278.0,0.5894716185849999,"{""0"": 68, ""1"": 68}",2,0,50.0
265,5149.121187499993,5894.544722222222,43.48888888888889,1341.0,0.5882926753478298,"{""0"": 79, ""1"": 78}",2,0,50.3
266,5116.530187500001,5911.5075,43.56361111111111,1333.0,0.5871160899971342,"{""0"": 69, ""1"": 69}",2,0,50.0
267,5141.636687499993,5807.4702777777775,43.00333333333333,1334.0,0.5859418578171399,"{""0"": 72, ""1"": 72}",2,0,50.0
268,5034.120687499995,5651.049722222222,41.9025,1303.0,0.5847699741015057,"{""0"": 71, ""1"": 70}",2,0,50.4
269,5323.2579375,5886.261944444444,43.42861111111111,1376.0,0.5836004341533026,"{""0"": 79, ""1"": 79}",2,0,50.0
270,4956.958187499999,5978.758055555556,44.50666666666667,1305.0,0.5824332332849961,"{""0"": 64, ""1"": 64}",2,0,50.0
271,5101.480625,5901.002777777778,43.516666666666666,1331.0,0.5812683668184261,"{""0"": 73, ""1"": 73}",2,0,50.0
272,5047.5757499999945,5789.68,42.97888888888889,1314.0,0.5801058300847892,"{""0"": 69, ""1"": 69}",2,0,50.0
273,5184.351062499998,5852.9425,42.9275,1344.0,0.5789456184246197,"{""0"": 80, ""1"": 79}",2,0,50.3
274,5093.607124999994,5850.235,43.26777777777778,1328.0,0.5777877271877704,"{""0"": 79, ""1"": 79}",2,0,50.0
275,5029.243312500003,5744.4325,42.34583333333333,1310.0,0.5766321517333949,"{""0"": 88, ""1"": 87}",2,0,50.3
276,4931.230749999996,5914.0633333333335,43.555,1297.0,0.5754788874299281,"{""0"": 71, ""1"": 70}",2,0,50.4
277,5289.015999999989,5887.195555555556,43.92888888888889,1366.0,0.5743279296550683,"{""0"": 65, ""1"": 64}",2,0,50.4
278,4907.286249999998,5809.8,42.85388888888889,1287.0,0.5731792737957582,"{""0"": 71, ""1"": 71}",2,0,50.0
279,4998.094999999992,5846.258333333333,43.5375,1306.0,0.5720329152481667,"{""0"": 67, ""1"": 67}",2,0,50.0
280,5208.599062499988,5885.065277777778,43.41888888888889,1352.0,0.5708888494176704,"{""0"": 74, ""1"": 73}",2,0,50.3
281,4972.925500000003,5927.872777777778,43.82083333333333,1307.0,0.569747071718835,"{""0"": 73, ""1"": 73}",2,0,50.0
282,5126.217562500001,5898.769166666667,43.27916666666667,1336.0,0.5686075775753973,"{""0"": 76, ""1"": 75}",2,0,50.3
283,5199.971812500002,5808.480833333333,42.97277777777778,1347.0,0.5674703624202465,"{""0"": 76, ""1"": 75}",2,0,50.3
284,4942.901937499982,5879.933055555555,43.32805555555556,1298.0,0.5663354216954061,"{""0"": 72, ""1"": 72}",2,0,50.0
285,4669.354499999994,5950.246666666667,43.88166666666667,1247.0,0.5652027508520152,"{""0"": 71, ""1"": 70}",2,0,50.4
286,5425.01412500001,5799.981666666667,43.07055555555556,1388.0,0.5640723453503111,"{""0"": 72, ""1"": 71}",2,0,50.3
287,5514.254624999998,5837.96,43.215833333333336,1411.0,0.5629442006596105,"{""0"": 72, ""1"": 71}",2,0,50.3
288,4806.010749999997,5823.446666666667,42.861666666666665,1268.0,0.5618183122582913,"{""0"": 78, ""1"": 78}",2,0,50.0
289,5189.062250000015,5946.345555555556,44.07111111111111,1351.0,0.5606946756337747,"{""0"": 73, ""1"": 72}",2,0,50.3
290,5291.627937499997,5853.539722222222,43.27527777777778,1367.0,0.5595732862825071,"{""0"": 79, ""1"": 79}",2,0,50.0
291,5015.416374999996,5935.871666666667,43.43611111111111,1317.0,0.5584541397099421,"{""0"": 80, ""1"": 80}",2,0,50.0
292,5106.152625000007,5861.088333333333,43.115,1332.0,0.5573372314305222,"{""0"": 79, ""1"": 79}",2,0,50.0
293,5218.388375000007,5803.290555555555,43.05388888888889,1350.0,0.5562225569676611,"{""0"": 76, ""1"": 76}",2,0,50.0
294,5252.063249999998,5819.707777777778,42.967777777777776,1358.0,0.5551101118537257,"{""0"": 77, ""1"": 77}",2,0,50.0
295,5079.211062500009,5926.931388888889,43.67138888888889,1328.0,0.5539998916300183,"{""0"": 73, ""1"": 73}",2,0,50.0
296,5186.501249999998,5947.2444444444445,43.90833333333333,1350.0,0.5528918918467582,"{""0"": 75, ""1"": 74}",2,0,50.3
297,4851.636187499989,5876.8225,43.26277777777778,1279.0,0.5517861080630647,"{""0"": 73, ""1"": 73}",2,0,50.0
298,5055.138875000011,5947.957777777778,44.1425,1323.0,0.5506825358469386,"{""0"": 65, ""1"": 65}",2,0,50.0
299,5233.072125000007,5787.576666666667,42.95194444444444,1352.0,0.5495811707752447,"{""0"": 76, ""1"": 75}",2,0,50.3
300,5112.687562500006,5979.219166666667,44.130833333333335,1337.0,0.5484820084336942,"{""0"": 69, ""1"": 69}",2,0,50.0
301,4979.650812499999,5900.901944444445,43.309444444444445,1307.0,0.5473850444168268,"{""0"": 80, ""1"": 80}",2,0,50.0
302,5006.922687500004,5844.346388888889,43.374722222222225,1308.0,0.5462902743279932,"{""0"": 64, ""1"": 64}",2,0,50.0
303,5066.563749999995,5989.072222222222,44.06166666666667,1329.0,0.5451976937793371,"{""0"": 73, ""1"": 72}",2,0,50.3
304,5465.15168750001,5793.098055555555,43.00055555555556,1399.0,0.5441072983917784,"{""0"": 72, ""1"": 72}",2,0,50.0
305,5234.342375,5920.892222222222,43.82805555555556,1359.0,0.5430190837949949,"{""0"": 72, ""1"": 72}",2,0,50.0
306,5180.626625000009,5886.228888888889,43.34027777777778,1347.0,0.5419330456274049,"{""0"": 77, ""1"": 77}",2,0,50.0
307,5242.4551249999995,5771.510555555556,42.913333333333334,1352.0,0.5408491795361501,"{""0"": 69, ""1"": 68}",2,0,50.4
308,5019.793250000002,5845.757777777778,43.416111111111114,1312.0,0.5397674811770777,"{""0"": 73, ""1"": 73}",2,0,50.0
309,5158.317375000008,5940.489444444444,43.55166666666667,1345.0,0.5386879462147236,"{""0"": 77, ""1"": 76}",2,0,50.3
310,4996.888625000012,5833.475555555556,43.13527777777778,1308.0,0.5376105703222942,"{""0"": 75, ""1"": 75}",2,0,50.0
311,5053.657374999992,5872.783888888889,43.27111111111111,1320.0,0.5365353491816496,"{""0"": 72, ""1"": 72}",2,0,50.0
312,5285.119187499992,5857.284166666666,43.19916666666666,1366.0,0.5354622784832863,"{""0"": 71, ""1"": 71}",2,0,50.0
313,4951.568124999999,5805.291666666667,42.61277777777778,1298.0,0.5343913539263198,"{""0"": 82, ""1"": 82}",2,0,50.0
314,4883.70606249999,5724.786944444444,42.27972222222222,1278.0,0.5333225712184672,"{""0"": 66, ""1"": 66}",2,0,50.0
315,5250.885375000011,5848.401111111111,43.50527777777778,1360.0,0.5322559260760302,"{""0"": 81, ""1"": 80}",2,0,50.3
316,5097.81725,5808.476111111111,42.714166666666664,1326.0,0.5311914142238782,"{""0"": 80, ""1"": 79}",2,0,50.3
317,5092.448125,5741.044444444445,42.12694444444445,1323.0,0.5301290313954304,"{""0"": 81, ""1"": 81}",2,0,50.0
318,4998.289437499993,5841.010833333334,43.40083333333333,1307.0,0.5290687733326396,"{""0"": 71, ""1"": 71}",2,0,50.0
319,5478.6349375,5868.583611111111,43.656666666666666,1404.0,0.5280106357859743,"{""0"": 70, ""1"": 69}",2,0,50.4
320,5436.011875000003,5843.6194444444445,43.696666666666665,1394.0,0.5269546145144024,"{""0"": 68, ""1"": 68}",2,0,50.0
321,5101.63406250001,5984.534722222223,43.98138888888889,1335.0,0.5259007052853736,"{""0"": 68, ""1"": 68}",2,0,50.0
322,5020.9124999999885,5805.430555555556,43.19583333333333,1308.0,0.5248489038748029,"{""0"": 69, ""1"": 68}",2,0,50.4
323,5234.184874999994,5755.264444444444,42.67194444444444,1350.0,0.5237992060670532,"{""0"": 73, ""1"": 73}",2,0,50.0
324,5265.891750000002,5806.003333333333,43.19777777777778,1359.0,0.5227516076549191,"{""0"": 72, ""1"": 72}",2,0,50.0
325,5125.497249999992,5814.037222222222,43.18638888888889,1330.0,0.5217061044396093,"{""0"": 72, ""1"": 71}",2,0,50.3
326,4982.47375,5941.133333333333,43.73722222222222,1310.0,0.52066269223073,"{""0"": 74, ""1"": 74}",2,0,50.0
327,5413.0306250000085,5817.852777777778,42.97888888888889,1390.0,0.5196213668462686,"{""0"": 82, ""1"": 82}",2,0,50.0
328,5160.188562500014,5952.261944444444,43.86222222222222,1344.0,0.5185821241125761,"{""0"": 65, ""1"": 65}",2,0,50.0
329,4975.406687499999,5810.878611111111,42.823055555555555,1303.0,0.5175449598643509,"{""0"": 78, ""1"": 77}",2,0,50.3
330,5204.32337499999,5836.846111111111,43.43,1349.0,0.5165098699446222,"{""0"": 73, ""1"": 73}",2,0,50.0
331,5043.355749999985,5941.305,44.06138888888889,1320.0,0.515476850204733,"{""0"": 70, ""1"": 69}",2,0,50.4
332,4946.9476875000155,5836.7825,43.05888888888889,1296.0,0.5144458965043235,"{""0"": 67, ""1"": 67}",2,0,50.0
333,5354.007687499991,5875.251944444444,43.37138888888889,1382.0,0.5134170047113148,"{""0"": 84, ""1"": 84}",2,0,50.0
334,5009.224812499999,5899.114722222223,43.308055555555555,1314.0,0.5123901707018922,"{""0"": 80, ""1"": 80}",2,0,50.0
335,5319.844562499997,5918.446388888889,43.81611111111111,1375.0,0.5113653903604884,"{""0"": 73, ""1"": 72}",2,0,50.3
336,5303.817812499999,5908.926388888889,43.95777777777778,1371.0,0.5103426595797674,"{""0"": 66, ""1"": 66}",2,0,50.0
337,5433.561437499994,5961.938055555555,43.967777777777776,1400.0,0.5093219742606079,"{""0"": 70, ""1"": 70}",2,0,50.0
338,5056.834749999996,5780.903888888889,42.81638888888889,1313.0,0.5083033303120866,"{""0"": 65, ""1"": 65}",2,0,50.0
339,5205.582312500003,5843.873055555556,43.00944444444445,1349.0,0.5072867236514624,"{""0"": 73, ""1"": 73}",2,0,50.0
340,5297.301937500007,5867.569166666667,43.56166666666667,1368.0,0.5062721502041595,"{""0"": 68, ""1"": 68}",2,0,50.0
341,5117.866000000005,5839.751111111111,43.38166666666667,1330.0,0.5052596059037512,"{""0"": 65, ""1"": 64}",2,0,50.4
342,4919.462374999995,5798.5922222222225,42.64361111111111,1291.0,0.5042490866919437,"{""0"": 78, ""1"": 78}",2,0,50.0
343,5144.029874999996,5753.906111111111,42.43222222222222,1332.0,0.5032405885185598,"{""0"": 75, ""1"": 75}",2,0,50.0
344,5037.948125000007,5897.611111111111,43.31472222222222,1320.0,0.5022341073415226,"{""0"": 79, ""1"": 78}",2,0,50.3
345,5090.895249999994,5890.962777777778,43.73083333333334,1327.0,0.5012296391268396,"{""0"": 70, ""1"": 69}",2,0,50.4
346,5126.787750000007,5786.8516666666665,42.95638888888889,1330.0,0.5002271798485859,"{""0"": 78, ""1"": 77}",2,0,50.3
347,5410.009312500001,5859.141944444445,43.25666666666667,1388.0,0.4992267254888887,"{""0"": 62, ""1"": 62}",2,0,50.0
348,4942.805187499997,5855.671388888889,43.13611111111111,1298.0,0.4982282720379109,"{""0"": 73, ""1"": 73}",2,0,50.0
349,5099.085062499994,5775.560833333333,42.81166666666667,1324.0,0.4972318154938351,"{""0"": 74, ""1"": 73}",2,0,50.3
350,5408.380374999988,5729.812222222222,42.7525,1383.0,0.49623735186284745,"{""0"": 67, ""1"": 67}",2,0,50.0
351,5166.619249999995,5808.753333333333,43.05222222222222,1337.0,0.49524487715912174,"{""0"": 72, ""1"": 71}",2,0,50.3
352,5044.894312500002,5837.061388888889,43.179722222222225,1317.0,0.4942543874048035,"{""0"": 71, ""1"": 71}",2,0,50.0
353,5281.674125000009,5845.892777777778,43.46944444444444,1364.0,0.4932658786299939,"{""0"": 73, ""1"": 73}",2,0,50.0
354,4990.4854375,5760.231388888889,42.547222222222224,1302.0,0.4922793468727339,"{""0"": 76, ""1"": 75}",2,0,50.3
355,5156.438249999993,5853.855,43.439166666666665,1340.0,0.4912947881789884,"{""0"": 71, ""1"": 70}",2,0,50.4
356,4996.446874999988,5805.8694444444445,42.85611111111111,1306.0,0.4903121986026304,"{""0"": 75, ""1"": 75}",2,0,50.0
357,5043.379062499992,5890.840277777777,43.4475,1320.0,0.48933157420542517,"{""0"": 76, ""1"": 76}",2,0,50.0
358,5357.851937499994,5745.6913888888885,42.638333333333335,1373.0,0.48835291105701434,"{""0"": 77, ""1"": 76}",2,0,50.3
359,5356.973875000002,5742.6466666666665,42.683055555555555,1373.0,0.48737620523490033,"{""0"": 70, ""1"": 69}",2,0,50.4
360,5090.847749999979,5757.573888888889,42.69083333333333,1318.0,0.48640145282443054,"{""0"": 67, ""1"": 66}",2,0,50.4
361,5290.75525,5719.165555555555,42.48388888888889,1358.0,0.48542864991878165,"{""0"": 72, ""1"": 72}",2,0,50.0
362,4940.818937499999,5799.143611111111,42.910555555555554,1293.0,0.48445779261894406,"{""0"": 67, ""1"": 66}",2,0,50.4
363,5150.458875,5914.393888888889,43.66222222222222,1342.0,0.4834888770337062,"{""0"": 73, ""1"": 72}",2,0,50.3
364,5156.677875000012,5812.717777777778,43.07972222222222,1335.0,0.4825218992796388,"{""0"": 71, ""1"": 70}",2,0,50.4
365,4988.907812500003,5889.065277777778,43.181666666666665,1307.0,0.4815568554810795,"{""0"": 71, ""1"": 71}",2,0,50.0
366,5045.535999999981,5892.637222222223,43.409166666666664,1318.0,0.4805937417701174,"{""0"": 75, ""1"": 75}",2,0,50.0
367,5214.649250000015,5865.367222222222,43.56916666666667,1351.0,0.47963255428657714,"{""0"": 74, ""1"": 74}",2,0,50.0
368,4811.777874999998,5753.959444444445,42.45,1267.0,0.478673289178004,"{""0"": 78, ""1"": 77}",2,0,50.3
369,5129.029062500009,5855.8375,43.339444444444446,1333.0,0.477715942599648,"{""0"": 71, ""1"": 70}",2,0,50.4
370,5057.7972499999905,5803.259444444445,42.71138888888889,1318.0,0.4767605107144487,"{""0"": 75, ""1"": 75}",2,0,50.0
371,4769.852999999998,5766.350555555556,42.66916666666667,1257.0,0.4758069896930198,"{""0"": 67, ""1"": 67}",2,0,50.0
372,5199.966999999992,5952.068888888889,43.663333333333334,1355.0,0.4748553757136338,"{""0"": 83, ""1"": 83}",2,0,50.0
373,5275.452125000002,5810.426666666666,43.0425,1360.0,0.47390566496220654,"{""0"": 71, ""1"": 70}",2,0,50.4
374,4902.293500000001,5817.565,42.735277777777775,1288.0,0.47295785363228215,"{""0"": 79, ""1"": 79}",2,0,50.0
375,4833.572937499988,5925.0841666666665,43.71194444444444,1278.0,0.4720119379250176,"{""0"": 68, ""1"": 68}",2,0,50.0
376,4861.243812500003,5832.421944444444,42.86333333333334,1279.0,0.4710679140491676,"{""0"": 68, ""1"": 68}",2,0,50.0
377,5315.542499999991,5766.708333333333,42.613055555555555,1367.0,0.47012577822106927,"{""0"": 73, ""1"": 73}",2,0,50.0
378,5326.501749999984,5903.975555555556,43.67666666666667,1377.0,0.46918552666462715,"{""0"": 75, ""1"": 75}",2,0,50.0
379,5010.973062500015,5822.353055555555,43.26,1309.0,0.46824715561129787,"{""0"": 75, ""1"": 74}",2,0,50.3
380,5002.385625000009,5882.030555555555,43.15888888888889,1312.0,0.46731066130007526,"{""0"": 82, ""1"": 82}",2,0,50.0
381,5180.320562500013,5944.255833333334,44.06805555555555,1349.0,0.4663760399774751,"{""0"": 71, ""1"": 70}",2,0,50.4
382,5052.175437500001,5841.953611111111,42.83777777777778,1320.0,0.46544328789752015,"{""0"": 82, ""1"": 82}",2,0,50.0
383,5199.424687499986,5798.206944444444,42.94611111111111,1345.0,0.4645124013217251,"{""0"": 71, ""1"": 71}",2,0,50.0
384,5064.277375000008,5948.292222222222,44.03916666666667,1328.0,0.46358337651908166,"{""0"": 82, ""1"": 82}",2,0,50.0
385,5242.106499999994,5755.348888888889,42.95666666666666,1352.0,0.4626562097660435,"{""0"": 72, ""1"": 71}",2,0,50.3
386,5127.788062500001,5807.458611111111,42.98722222222222,1332.0,0.4617308973465114,"{""0"": 79, ""1"": 78}",2,0,50.3
387,4793.650562500011,5959.2780555555555,43.680277777777775,1275.0,0.46080743555181836,"{""0"": 85, ""1"": 84}",2,0,50.3
388,4958.116124999998,5892.883888888889,43.59888888888889,1302.0,0.4598858206807147,"{""0"": 72, ""1"": 71}",2,0,50.3
389,5260.042062499992,5701.035277777778,42.4,1352.0,0.4589660490393533,"{""0"": 79, ""1"": 79}",2,0,50.0
390,5029.536875000016,5865.986111111111,43.718333333333334,1315.0,0.45804811694127456,"{""0"": 70, ""1"": 70}",2,0,50.0
391,5205.86481249999,5830.411944444444,43.17166666666667,1348.0,0.457132020707392,"{""0"": 78, ""1"": 78}",2,0,50.0
392,5246.050000000014,5767.638888888889,42.94166666666667,1354.0,0.45621775666597725,"{""0"": 76, ""1"": 75}",2,0,50.3
393,4980.602999999992,5855.67,42.83166666666666,1306.0,0.45530532115264527,"{""0"": 78, ""1"": 77}",2,0,50.3
394,5204.602499999996,5840.25,43.33222222222222,1348.0,0.45439471051033997,"{""0"": 70, ""1"": 70}",2,0,50.0
395,5116.444375000015,5895.122222222222,43.57083333333333,1334.0,0.4534859210893193,"{""0"": 79, ""1"": 78}",2,0,50.3
396,5467.168937500007,5916.1825,43.653888888888886,1407.0,0.45257894924714065,"{""0"": 80, ""1"": 79}",2,0,50.3
397,5070.5703750000075,5716.828888888889,42.25805555555556,1315.0,0.4516737913486464,"{""0"": 72, ""1"": 72}",2,0,50.0
398,5183.439374999987,5831.061111111111,43.15416666666667,1344.0,0.4507704437659491,"{""0"": 76, ""1"": 76}",2,0,50.0
399,5034.530687499999,5920.8886111111115,43.41416666666667,1321.0,0.4498689028784172,"{""0"": 84, ""1"": 84}",2,0,50.0
400,4909.887062499998,5689.993611111111,41.98138888888889,1282.0,0.4489691650726603,"{""0"": 75, ""1"": 74}",2,0,50.3
401,5084.24500000001,6004.9111111111115,44.297222222222224,1332.0,0.448071226742515,"{""0"": 66, ""1"": 66}",2,0,50.0
402,4884.841312499993,5817.788611111111,43.02777777777778,1283.0,0.44717508428902997,"{""0"": 70, ""1"": 70}",2,0,50.0
403,5197.406499999997,5803.332222222222,42.92777777777778,1344.0,0.4462807341204519,"{""0"": 71, ""1"": 71}",2,0,50.0
404,5068.536625000003,5915.937222222222,43.592777777777776,1324.0,0.445388172652211,"{""0"": 71, ""1"": 70}",2,0,50.4
405,4948.35737499999,5755.986666666667,42.45638888888889,1292.0,0.44449739630690654,"{""0"": 72, ""1"": 72}",2,0,50.0
406,5157.804312500002,5746.325277777778,42.596111111111114,1334.0,0.4436084015142927,"{""0"": 69, ""1"": 68}",2,0,50.4
407,5108.411312499996,5860.641388888889,43.24194444444444,1330.0,0.4427211847112641,"{""0"": 73, ""1"": 73}",2,0,50.0
408,4868.157062500019,5850.4075,43.117222222222225,1282.0,0.4418357423418416,"{""0"": 76, ""1"": 75}",2,0,50.3
409,5483.462375000002,5873.661666666667,43.364444444444445,1406.0,0.44095207085715793,"{""0"": 81, ""1"": 81}",2,0,50.0
410,4847.541937500008,5932.7775,43.636944444444445,1282.0,0.44007016671544363,"{""0"": 73, ""1"": 72}",2,0,50.3
411,5166.189375000009,5771.952777777778,42.54277777777778,1340.0,0.43919002638201277,"{""0"": 82, ""1"": 82}",2,0,50.0
412,4925.181687500009,5941.575833333333,43.583888888888886,1298.0,0.43831164632924874,"{""0"": 73, ""1"": 73}",2,0,50.0
413,4931.441750000011,5848.995,43.50694444444444,1294.0,0.43743502303659026,"{""0"": 68, ""1"": 68}",2,0,50.0
414,4793.179125000012,5926.359444444444,43.75944444444445,1270.0,0.4365601529905171,"{""0"": 68, ""1"": 68}",2,0,50.0
415,5106.700124999998,5866.235555555556,43.354166666666664,1329.0,0.43568703268453607,"{""0"": 71, ""1"": 71}",2,0,50.0
416,5290.302562500007,5722.791388888889,42.80027777777778,1357.0,0.434815658619167,"{""0"": 70, ""1"": 69}",2,0,50.4
417,5194.340687500001,5872.255277777777,43.286944444444444,1349.0,0.43394602730192866,"{""0"": 79, ""1"": 79}",2,0,50.0
418,4866.328749999988,5795.772222222222,42.840555555555554,1280.0,0.4330781352473248,"{""0"": 76, ""1"": 76}",2,0,50.0
419,5333.055749999994,5869.471666666666,43.55583333333333,1375.0,0.43221197897683017,"{""0"": 70, ""1"": 70}",2,0,50.0
420,5066.608062500017,5908.000277777778,43.646388888888886,1323.0,0.4313475550188765,"{""0"": 69, ""1"": 68}",2,0,50.4
421,4999.052812500004,5904.929166666667,43.26972222222222,1312.0,0.4304848599088387,"{""0"": 78, ""1"": 78}",2,0,50.0
422,5017.518062500012,5758.5391666666665,42.78805555555556,1305.0,0.42962389018902103,"{""0"": 74, ""1"": 74}",2,0,50.0
423,5099.76475,5850.428888888889,43.647777777777776,1327.0,0.428764642408643,"{""0"": 67, ""1"": 66}",2,0,50.4
424,5100.415937499996,5916.804166666667,43.78194444444444,1331.0,0.4279071131238257,"{""0"": 68, ""1"": 68}",2,0,50.0
425,4874.848312500013,5796.090833333334,43.05833333333333,1279.0,0.42705129889757804,"{""0"": 69, ""1"": 69}",2,0,50.0
426,5113.4104375000015,5866.439722222222,43.21527777777778,1331.0,0.42619719629978287,"{""0"": 69, ""1"": 69}",2,0,50.0
427,5332.225874999999,5903.626666666667,43.7175,1376.0,0.4253448019071833,"{""0"": 66, ""1"": 66}",2,0,50.0
428,5103.806812500003,5807.4447222222225,43.0525,1324.0,0.424494112303369,"{""0"": 71, ""1"": 71}",2,0,50.0
429,4988.3224375000045,5807.991944444444,42.82416666666666,1303.0,0.42364512407876226,"{""0"": 75, ""1"": 74}",2,0,50.3
430,5110.146687499997,5810.403611111111,43.208333333333336,1328.0,0.4227978338306047,"{""0"": 69, ""1"": 69}",2,0,50.0
431,5032.195874999992,5774.16,42.83305555555555,1310.0,0.42195223816294347,"{""0"": 72, ""1"": 72}",2,0,50.0
432,4968.897750000005,5753.637777777778,42.470555555555556,1299.0,0.4211083336866176,"{""0"": 77, ""1"": 77}",2,0,50.0
433,5192.399999999994,5755.722222222223,42.625,1339.0,0.4202661170192444,"{""0"": 69, ""1"": 69}",2,0,50.0
434,5250.517500000004,5791.0888888888885,42.91388888888889,1356.0,0.41942558478520586,"{""0"": 76, ""1"": 76}",2,0,50.0
435,5073.33706249999,5868.704722222222,43.07138888888889,1325.0,0.4185867336156355,"{""0"": 76, ""1"": 76}",2,0,50.0
436,5011.290624999997,5847.825,42.96055555555556,1312.0,0.4177495601484042,"{""0"": 80, ""1"": 80}",2,0,50.0
437,5013.218374999992,5905.251666666667,43.49166666666667,1313.0,0.4169140610281074,"{""0"": 74, ""1"": 74}",2,0,50.0
438,5108.368250000008,5781.960555555555,43.020833333333336,1325.0,0.4160802329060512,"{""0"": 72, ""1"": 72}",2,0,50.0
439,4932.463062500008,5824.119722222223,42.97388888888889,1294.0,0.4152480724402391,"{""0"": 76, ""1"": 75}",2,0,50.3
440,5364.321687499994,5899.184166666667,43.38861111111111,1382.0,0.41441757629535864,"{""0"": 73, ""1"": 72}",2,0,50.3
441,5090.204187500001,5854.306388888889,43.0425,1327.0,0.4135887411427679,"{""0"": 73, ""1"": 72}",2,0,50.3
442,5273.715499999999,5794.278333333334,43.0375,1361.0,0.41276156366048233,"{""0"": 80, ""1"": 80}",2,0,50.0
443,5044.315625,5898.305555555556,43.84861111111111,1317.0,0.41193604053316135,"{""0"": 63, ""1"": 62}",2,0,50.4
444,5362.934437500003,5766.199722222223,42.85638888888889,1375.0,0.41111216845209503,"{""0"": 68, ""1"": 67}",2,0,50.4
445,5195.438812499983,5732.694166666667,42.48833333333334,1341.0,0.4102899441151908,"{""0"": 73, ""1"": 72}",2,0,50.3
446,5068.707125000004,5953.093333333333,44.00416666666667,1327.0,0.40946936422696045,"{""0"": 73, ""1"": 72}",2,0,50.3
447,5165.6234374999985,5793.8125,42.925,1340.0,0.40865042549850655,"{""0"": 79, ""1"": 79}",2,0,50.0
448,4670.693624999994,5914.661666666667,43.80888888888889,1245.0,0.40783312464750954,"{""0"": 68, ""1"": 68}",2,0,50.0
449,5319.128062499999,5810.866944444444,42.973055555555554,1370.0,0.4070174583982145,"{""0"": 76, ""1"": 76}",2,0,50.0
450,5069.237749999995,5813.318333333334,42.64861111111111,1322.0,0.4062034234814181,"{""0"": 84, ""1"": 84}",2,0,50.0
451,5283.615312500002,5925.593055555555,43.81722222222222,1369.0,0.40539101663445526,"{""0"": 71, ""1"": 71}",2,0,50.0
452,4939.723312499995,5819.118611111111,43.025,1295.0,0.40458023460118636,"{""0"": 70, ""1"": 70}",2,0,50.0
453,5172.99993750001,5923.0697222222225,43.63472222222222,1347.0,0.403771074131984,"{""0"": 76, ""1"": 75}",2,0,50.3
454,4970.392624999996,5765.052222222223,42.39805555555556,1300.0,0.40296353198372004,"{""0"": 78, ""1"": 78}",2,0,50.0
455,5176.905312500007,5856.854166666667,43.115,1342.0,0.4021576049197526,"{""0"": 69, ""1"": 68}",2,0,50.4
456,5225.024125000005,5816.256666666667,43.19972222222222,1349.0,0.40135328970991313,"{""0"": 70, ""1"": 69}",2,0,50.4
457,5177.570562500004,5857.1975,43.29888888888889,1345.0,0.4005505831304933,"{""0"": 77, ""1"": 77}",2,0,50.0
458,4975.836374999998,5877.802222222223,43.18138888888889,1306.0,0.3997494819642323,"{""0"": 77, ""1"": 77}",2,0,50.0
459,5370.229749999986,5827.9511111111115,43.40277777777778,1379.0,0.3989499830003039,"{""0"": 72, ""1"": 72}",2,0,50.0
460,5057.032750000011,5973.440555555556,43.86361111111111,1325.0,0.3981520830343033,"{""0"": 77, ""1"": 76}",2,0,50.3
461,5029.935937499999,5780.043055555556,42.988055555555555,1308.0,0.39735577886823464,"{""0"": 64, ""1"": 64}",2,0,50.0
462,5022.751249999995,5851.841666666666,43.6625,1311.0,0.39656106731049817,"{""0"": 62, ""1"": 62}",2,0,50.0
463,5129.199875000007,5850.283888888889,43.30777777777778,1335.0,0.39576794517587716,"{""0"": 72, ""1"": 71}",2,0,50.3
464,5250.807687500021,5852.379722222222,43.08638888888889,1359.0,0.3949764092855254,"{""0"": 77, ""1"": 77}",2,0,50.0
465,4924.863687500005,5881.675277777777,43.1125,1297.0,0.3941864564669544,"{""0"": 84, ""1"": 83}",2,0,50.3
466,4919.809874999997,5853.806111111111,43.04833333333333,1292.0,0.39339808355402045,"{""0"": 76, ""1"": 76}",2,0,50.0
467,5221.995062499987,5766.838611111111,42.83222222222222,1348.0,0.3926112873869124,"{""0"": 74, ""1"": 74}",2,0,50.0
468,5226.415499999994,5827.708888888889,43.22222222222222,1352.0,0.3918260648121386,"{""0"": 76, ""1"": 75}",2,0,50.3
469,4903.9991874999905,5657.361944444445,41.86694444444444,1280.0,0.39104241268251433,"{""0"": 73, ""1"": 73}",2,0,50.0
470,5059.934125000012,5887.323333333334,43.58583333333333,1322.0,0.3902603278571493,"{""0"": 76, ""1"": 75}",2,0,50.3
471,5098.918562500004,5821.231388888889,43.06583333333333,1325.0,0.389479807201435,"{""0"": 68, ""1"": 67}",2,0,50.4
472,5011.5765625000095,5873.2763888888885,42.86888888888889,1313.0,0.3887008475870321,"{""0"": 81, ""1"": 80}",2,0,50.3
473,5185.139812500007,5768.6925,42.87694444444445,1340.0,0.38792344589185807,"{""0"": 71, ""1"": 71}",2,0,50.0
474,4743.029500000007,5807.4077777777775,42.78777777777778,1253.0,0.38714759900007434,"{""0"": 70, ""1"": 70}",2,0,50.0
475,4846.2326875,5912.7575,43.520833333333336,1281.0,0.3863733038020742,"{""0"": 72, ""1"": 72}",2,0,50.0
476,4910.121750000009,5818.386666666666,42.79333333333334,1289.0,0.38560055719447006,"{""0"": 73, ""1"": 73}",2,0,50.0
477,4914.642750000011,5912.937777777778,43.77055555555555,1293.0,0.3848293560800811,"{""0"": 64, ""1"": 64}",2,0,50.0
478,4987.393125000004,5897.325,43.73722222222222,1308.0,0.38405969736792095,"{""0"": 72, ""1"": 72}",2,0,50.0
479,5102.608187500003,5883.383055555556,43.285833333333336,1331.0,0.3832915779731851,"{""0"": 74, ""1"": 74}",2,0,50.0
480,4898.682562499995,5684.544166666667,41.925555555555555,1281.0,0.38252499481723873,"{""0"": 81, ""1"": 81}",2,0,50.0
481,4728.726562500008,5947.081944444444,43.83555555555556,1258.0,0.3817599448276042,"{""0"": 66, ""1"": 66}",2,0,50.0
482,5302.964874999988,5700.836666666667,42.170833333333334,1362.0,0.380996424937949,"{""0"": 79, ""1"": 78}",2,0,50.3
483,5107.705062500003,5973.741388888889,43.87916666666667,1337.0,0.3802344320880731,"{""0"": 79, ""1"": 78}",2,0,50.3
484,5301.000687499997,5785.508055555556,42.815555555555555,1364.0,0.379473963223897,"{""0"": 76, ""1"": 76}",2,0,50.0
485,5205.835750000003,5814.766111111111,43.26861111111111,1346.0,0.37871501529744916,"{""0"": 68, ""1"": 68}",2,0,50.0
486,5010.98787500001,5777.856666666667,42.57527777777778,1306.0,0.37795758526685425,"{""0"": 73, ""1"": 72}",2,0,50.3
487,4945.13424999999,5845.883888888889,42.97972222222222,1298.0,0.37720167009632055,"{""0"": 78, ""1"": 78}",2,0,50.0
488,5319.141749999993,5795.064444444444,42.858333333333334,1366.0,0.3764472667561279,"{""0"": 66, ""1"": 65}",2,0,50.4
489,5128.627124999999,5906.887777777778,43.62416666666667,1337.0,0.37569437222261565,"{""0"": 74, ""1"": 73}",2,0,50.3
490,5156.259812500007,5873.528611111111,43.38166666666667,1339.0,0.3749429834781704,"{""0"": 76, ""1"": 75}",2,0,50.3
491,5047.075499999995,5887.442222222222,43.483333333333334,1319.0,0.37419309751121405,"{""0"": 71, ""1"": 70}",2,0,50.4
492,5261.339437500004,5798.0552777777775,42.91305555555556,1358.0,0.3734447113161916,"{""0"": 71, ""1"": 71}",2,0,50.0
493,5397.149500000003,5870.3966666666665,43.50222222222222,1388.0,0.3726978218935592,"{""0"": 78, ""1"": 77}",2,0,50.3
494,5357.455249999992,5883.5905555555555,43.44138888888889,1383.0,0.3719524262497721,"{""0"": 79, ""1"": 79}",2,0,50.0
495,5066.414125000004,5869.209444444445,43.35055555555556,1322.0,0.37120852139727256,"{""0"": 71, ""1"": 70}",2,0,50.4
496,5052.832437500007,5914.975277777778,43.87138888888889,1321.0,0.370466104354478,"{""0"": 68, ""1"": 67}",2,0,50.4
497,5035.413000000011,5891.367222222222,43.238055555555555,1319.0,0.36972517214576905,"{""0"": 79, ""1"": 79}",2,0,50.0
498,4930.876187500008,5868.450277777778,43.14333333333333,1296.0,0.36898572180147754,"{""0"": 76, ""1"": 75}",2,0,50.3
499,5213.106312500001,5864.530277777778,43.471944444444446,1352.0,0.3682477503578746,"{""0"": 78, ""1"": 77}",2,0,50.3
500,4966.351062499993,5774.3452777777775,42.52333333333333,1296.0,0.36751125485715885,"{""0"": 77, ""1"": 76}",2,0,50.3
501,5071.5069999999805,5951.727222222222,44.07694444444444,1328.0,0.36677623234744455,"{""0"": 71, ""1"": 71}",2,0,50.0
502,4973.698312499995,5893.140833333333,43.25055555555556,1306.0,0.3660426798827497,"{""0"": 81, ""1"": 81}",2,0,50.0
503,5192.262312499998,5850.545277777778,43.062222222222225,1349.0,0.3653105945229842,"{""0"": 84, ""1"": 83}",2,0,50.3
504,5127.1648125000065,5781.898055555555,42.511944444444445,1330.0,0.3645799733339382,"{""0"": 78, ""1"": 78}",2,0,50.0
505,5343.510937500022,5738.248611111111,42.700833333333335,1371.0,0.3638508133872703,"{""0"": 74, ""1"": 74}",2,0,50.0
506,5235.599624999989,5823.754444444445,42.98583333333333,1353.0,0.3631231117604958,"{""0"": 75, ""1"": 74}",2,0,50.3
507,5422.995812499996,5818.776944444445,43.39083333333333,1389.0,0.3623968655369748,"{""0"": 65, ""1"": 65}",2,0,50.0
508,4992.1745000000055,5925.202222222222,43.327222222222225,1312.0,0.3616720718059009,"{""0"": 84, ""1"": 83}",2,0,50.3
509,5364.705625000014,5806.136111111111,43.29222222222222,1377.0,0.3609487276622891,"{""0"": 69, ""1"": 69}",2,0,50.0
510,5118.518375000004,5924.501666666667,43.96666666666667,1335.0,0.3602268302069645,"{""0"": 66, ""1"": 66}",2,0,50.0
511,5047.280937500001,5948.976388888889,43.91361111111111,1324.0,0.35950637654655054,"{""0"": 79, ""1"": 78}",2,0,50.3
512,4995.520312500014,5803.304166666667,42.805,1305.0,0.35878736379345744,"{""0"": 78, ""1"": 78}",2,0,50.0
513,5169.655062500001,5972.019166666667,44.15138888888889,1350.0,0.3580697890658705,"{""0"": 79, ""1"": 78}",2,0,50.3
514,5426.695187500001,5723.560277777778,42.41,1388.0,0.35735364948773873,"{""0"": 80, ""1"": 80}",2,0,50.0
515,5153.7756249999975,5813.8805555555555,43.047777777777775,1337.0,0.35663894218876324,"{""0"": 70, ""1"": 70}",2,0,50.0
516,5336.587562499994,5822.924722222222,43.16861111111111,1375.0,0.3559256643043857,"{""0"": 77, ""1"": 76}",2,0,50.3
517,5052.057312500007,5776.789722222222,42.50944444444445,1315.0,0.3552138129757769,"{""0"": 80, ""1"": 80}",2,0,50.0
518,5143.115999999996,5857.64,43.20111111111111,1338.0,0.35450338534982534,"{""0"": 75, ""1"": 75}",2,0,50.0
519,5078.725999999999,5757.748333333333,42.46083333333333,1319.0,0.3537943785791257,"{""0"": 80, ""1"": 80}",2,0,50.0
520,5174.533875000003,5787.2827777777775,42.75388888888889,1340.0,0.35308678982196745,"{""0"": 75, ""1"": 75}",2,0,50.0
521,5396.415374999992,5784.54,43.11138888888889,1384.0,0.35238061624232353,"{""0"": 70, ""1"": 70}",2,0,50.0
522,5201.486749999999,5828.964444444445,42.937222222222225,1351.0,0.3516758550098389,"{""0"": 90, ""1"": 90}",2,0,50.0
523,5288.336687500002,5923.0841666666665,43.750277777777775,1369.0,0.3509725032998192,"{""0"": 76, ""1"": 76}",2,0,50.0
524,5223.5884375000005,5921.709722222222,43.81472222222222,1357.0,0.35027055829321957,"{""0"": 73, ""1"": 72}",2,0,50.3
525,5249.228249999998,5804.227222222222,42.5675,1359.0,0.3495700171766331,"{""0"": 88, ""1"": 88}",2,0,50.0
526,5225.01406249999,5833.423611111111,43.13472222222222,1352.0,0.3488708771422798,"{""0"": 78, ""1"": 78}",2,0,50.0
527,5009.3953749999955,5889.395555555556,43.27916666666667,1314.0,0.34817313538799527,"{""0"": 79, ""1"": 79}",2,0,50.0
528,5230.069249999997,5871.675555555556,43.35444444444445,1356.0,0.3474767891172193,"{""0"": 79, ""1"": 79}",2,0,50.0
529,5315.659124999997,5885.170555555555,43.52055555555555,1374.0,0.34678183553898484,"{""0"": 72, ""1"": 72}",2,0,50.0
530,5292.79493750001,5761.325277777778,42.46138888888889,1361.0,0.34608827186790686,"{""0"": 76, ""1"": 75}",2,0,50.3
531,5053.467062499993,5750.268611111111,42.73222222222222,1313.0,0.34539609532417104,"{""0"": 75, ""1"": 75}",2,0,50.0
532,5139.4604375000035,5851.675833333334,43.583333333333336,1335.0,0.3447053031335227,"{""0"": 67, ""1"": 66}",2,0,50.4
533,5143.473187500016,5794.7775,43.18138888888889,1332.0,0.3440158925272557,"{""0"": 68, ""1"": 68}",2,0,50.0
534,5020.897187499987,5880.084722222222,43.40111111111111,1314.0,0.3433278607422012,"{""0"": 77, ""1"": 77}",2,0,50.0
535,5179.995125,5683.446666666667,42.18527777777778,1334.0,0.34264120502071677,"{""0"": 67, ""1"": 67}",2,0,50.0
536,5008.786812500003,5747.919722222222,42.68611111111111,1305.0,0.3419559226106753,"{""0"": 74, ""1"": 73}",2,0,50.3
537,4809.772937500009,5943.623055555556,43.5275,1275.0,0.34127201076545394,"{""0"": 75, ""1"": 75}",2,0,50.0
538,4957.3197499999915,5864.017777777778,43.245,1301.0,0.34058946674392304,"{""0"": 74, ""1"": 74}",2,0,50.0
539,4971.89368750001,6000.189166666667,44.25055555555556,1310.0,0.3399082878104352,"{""0"": 67, ""1"": 67}",2,0,50.0
540,4948.475250000008,5927.954444444445,43.70444444444445,1301.0,0.3392284712348143,"{""0"": 70, ""1"": 69}",2,0,50.4
541,4630.9065000000055,5818.540555555555,42.915277777777774,1232.0,0.33855001429234466,"{""0"": 66, ""1"": 66}",2,0,50.0
542,4920.0960000000005,5815.712222222222,43.141666666666666,1290.0,0.33787291426376,"{""0"": 73, ""1"": 73}",2,0,50.0
543,5214.840812499999,5887.285277777778,43.25333333333333,1354.0,0.33719716843523245,"{""0"": 79, ""1"": 79}",2,0,50.0
544,4995.552812499997,5837.0125,42.7475,1307.0,0.336522774098362,"{""0"": 84, ""1"": 84}",2,0,50.0
545,4974.735250000005,5748.418333333333,42.57861111111111,1298.0,0.33584972855016526,"{""0"": 73, ""1"": 73}",2,0,50.0
546,4927.397062500012,5948.760277777777,43.86138888888889,1297.0,0.33517802909306493,"{""0"": 67, ""1"": 66}",2,0,50.4
547,4871.757562499988,5863.0969444444445,43.384166666666665,1284.0,0.3345076730348788,"{""0"": 74, ""1"": 74}",2,0,50.0
548,4767.9843124999925,5870.4336111111115,43.23027777777778,1263.0,0.33383865768880905,"{""0"": 77, ""1"": 77}",2,0,50.0
549,5097.714812499997,5904.411944444444,43.44111111111111,1332.0,0.3331709803734314,"{""0"": 77, ""1"": 76}",2,0,50.3
550,5178.733500000003,5903.79,43.345,1349.0,0.3325046384126845,"{""0"": 81, ""1"": 81}",2,0,50.0
551,5086.416562499982,5911.501388888889,43.603611111111114,1329.0,0.3318396291358591,"{""0"": 74, ""1"": 74}",2,0,50.0
552,5442.379374999995,5866.069444444444,43.413333333333334,1397.0,0.3311759498775874,"{""0"": 76, ""1"": 76}",2,0,50.0
553,5312.573187500007,5779.969166666667,42.534444444444446,1368.0,0.33051359797783225,"{""0"": 79, ""1"": 79}",2,0,50.0
554,5240.587375000001,5837.736666666667,43.0125,1358.0,0.3298525707818766,"{""0"": 83, ""1"": 83}",2,0,50.0
555,5130.814687500003,5871.3069444444445,43.437777777777775,1336.0,0.3291928656403128,"{""0"": 79, ""1"": 79}",2,0,50.0
556,4582.1314375,5924.440833333333,43.375277777777775,1229.0,0.3285344799090322,"{""0"": 77, ""1"": 76}",2,0,50.3
557,5074.5761249999905,5844.458888888889,42.789722222222224,1325.0,0.32787741094921413,"{""0"": 83, ""1"": 82}",2,0,50.3
558,5240.189312500002,5891.953055555556,43.434444444444445,1359.0,0.3272216561273157,"{""0"": 79, ""1"": 79}",2,0,50.0
559,5063.163875000005,5903.78,43.38527777777778,1323.0,0.32656721281506107,"{""0"": 73, ""1"": 72}",2,0,50.3
560,4949.939187499993,5797.878611111111,42.780833333333334,1295.0,0.32591407838943093,"{""0"": 76, ""1"": 76}",2,0,50.0
561,5047.476499999997,5765.948888888889,42.593333333333334,1314.0,0.32526225023265204,"{""0"": 67, ""1"": 67}",2,0,50.0
562,5021.319062499996,5884.0625,43.09638888888889,1317.0,0.3246117257321867,"{""0"": 86, ""1"": 85}",2,0,50.3
563,4751.017750000009,5719.304444444444,42.056111111111115,1253.0,0.3239625022807223,"{""0"": 85, ""1"": 84}",2,0,50.3
564,4998.685687500011,5786.530277777778,43.07,1304.0,0.32331457727616086,"{""0"": 70, ""1"": 70}",2,0,50.0
565,5085.530937499998,5865.843055555555,43.25472222222222,1327.0,0.32266794812160854,"{""0"": 78, ""1"": 78}",2,0,50.0
566,5058.653687500013,5821.144722222222,42.958888888888886,1316.0,0.3220226122253653,"{""0"": 68, ""1"": 68}",2,0,50.0
567,5085.131562500015,5794.8180555555555,42.71527777777778,1321.0,0.3213785670009146,"{""0"": 76, ""1"": 76}",2,0,50.0
568,4969.7973125,5793.445277777778,42.85111111111111,1300.0,0.3207358098669128,"{""0"": 74, ""1"": 74}",2,0,50.0
569,4967.684187499997,5893.931388888889,43.38055555555555,1306.0,0.320094338247179,"{""0"": 81, ""1"": 81}",2,0,50.0
570,5136.765562500018,5753.908611111111,42.83,1333.0,0.31945414957068463,"{""0"": 80, ""1"": 79}",2,0,50.3
571,5085.937062500001,5840.690833333333,42.93666666666667,1326.0,0.31881524127154326,"{""0"": 77, ""1"": 77}",2,0,50.0
572,5188.505687500003,5825.130277777777,43.281666666666666,1343.0,0.3181776107890002,"{""0"": 68, ""1"": 68}",2,0,50.0
573,5402.124437499995,5862.391388888889,43.44444444444444,1390.0,0.3175412555674222,"{""0"": 73, ""1"": 73}",2,0,50.0
574,5268.444187499998,5739.259166666667,42.78777777777778,1355.0,0.3169061730562873,"{""0"": 63, ""1"": 63}",2,0,50.0
575,5063.081249999998,5945.958333333333,43.645833333333336,1326.0,0.3162723607101747,"{""0"": 75, ""1"": 75}",2,0,50.0
576,5153.804312500004,5903.0586111111115,43.67,1341.0,0.3156398159887544,"{""0"": 69, ""1"": 68}",2,0,50.4
577,5072.605437499997,5929.0008333333335,43.780833333333334,1327.0,0.3150085363567769,"{""0"": 78, ""1"": 78}",2,0,50.0
578,5191.587312500003,5838.995277777778,43.22555555555556,1345.0,0.31437851928406335,"{""0"": 73, ""1"": 73}",2,0,50.0
579,5055.379562499988,5928.971388888889,43.536944444444444,1323.0,0.3137497622454952,"{""0"": 73, ""1"": 73}",2,0,50.0
580,5006.531625000008,5770.965,43.01722222222222,1303.0,0.31312226272100424,"{""0"": 64, ""1"": 64}",2,0,50.0
581,5117.035187499997,5830.046388888889,43.01861111111111,1330.0,0.3124960181955622,"{""0"": 66, ""1"": 65}",2,0,50.4
582,4987.983312499996,5864.646388888889,43.35944444444444,1307.0,0.3118710261591711,"{""0"": 71, ""1"": 71}",2,0,50.0
583,4917.865875000003,5847.729444444444,43.43944444444445,1292.0,0.31124728410685276,"{""0"": 71, ""1"": 71}",2,0,50.0
584,5263.92924999998,5851.897777777778,43.53055555555556,1361.0,0.31062478953863903,"{""0"": 69, ""1"": 68}",2,0,50.4
585,5133.486250000012,5853.155555555555,43.52111111111111,1334.0,0.31000353995956176,"{""0"": 66, ""1"": 66}",2,0,50.0
586,5111.998812500007,5834.658055555556,43.048611111111114,1329.0,0.30938353287964265,"{""0"": 72, ""1"": 72}",2,0,50.0
587,5251.069062500003,5805.945833333333,42.64972222222222,1356.0,0.30876476581388335,"{""0"": 77, ""1"": 77}",2,0,50.0
588,5005.007249999986,5885.462222222222,43.32277777777778,1311.0,0.3081472362822556,"{""0"": 76, ""1"": 76}",2,0,50.0
589,5120.930437499992,5898.370277777778,43.699444444444445,1334.0,0.3075309418096911,"{""0"": 67, ""1"": 67}",2,0,50.0
590,5079.313937500002,5823.388055555555,43.14666666666667,1321.0,0.3069158799260717,"{""0"": 64, ""1"": 64}",2,0,50.0
591,4999.334874999999,5828.378333333333,43.102222222222224,1307.0,0.3063020481662196,"{""0"": 74, ""1"": 74}",2,0,50.0
592,5214.2840000000015,5850.41,43.64111111111111,1350.0,0.30568944406988713,"{""0"": 71, ""1"": 71}",2,0,50.0
593,4976.751312499992,5890.694166666667,43.288333333333334,1305.0,0.30507806518174735,"{""0"": 76, ""1"": 75}",2,0,50.3
594,4985.939062499994,5795.270833333333,42.87777777777778,1303.0,0.3044679090513839,"{""0"": 73, ""1"": 73}",2,0,50.0
595,5148.32831249999,5816.910277777778,42.82972222222222,1336.0,0.3038589732332811,"{""0"": 74, ""1"": 74}",2,0,50.0
596,5079.167187500001,5923.695833333333,43.64222222222222,1328.0,0.3032512552868145,"{""0"": 77, ""1"": 77}",2,0,50.0
597,5363.028750000004,5751.797222222222,42.44638888888889,1378.0,0.30264475277624087,"{""0"": 88, ""1"": 88}",2,0,50.0
598,5063.557375,5759.239444444444,42.367222222222225,1316.0,0.30203946327068837,"{""0"": 79, ""1"": 79}",2,0,50.0
599,4902.995937500008,5980.704166666666,44.164722222222224,1295.0,0.301435384344147,"{""0"": 73, ""1"": 73}",2,0,50.0
600,5080.012312500005,5782.781388888889,42.98583333333333,1321.0,0.3008325135754587,"{""0"": 74, ""1"": 73}",2,0,50.3
601,5045.71012499998,5921.605,43.57388888888889,1321.0,0.3002308485483078,"{""0"": 77, ""1"": 76}",2,0,50.3
602,5225.95512499999,5868.263333333333,43.77972222222222,1352.0,0.2996303868512112,"{""0"": 57, ""1"": 57}",2,0,50.0
603,4934.949750000012,5870.556666666666,43.541666666666664,1295.0,0.29903112607750876,"{""0"": 69, ""1"": 69}",2,0,50.0
604,5103.312750000005,5889.748888888889,43.291666666666664,1333.0,0.29843306382535373,"{""0"": 81, ""1"": 80}",2,0,50.3
605,4997.903312499994,5712.238055555556,42.19694444444445,1303.0,0.29783619769770303,"{""0"": 86, ""1"": 85}",2,0,50.3
606,5150.66550000002,5818.5616666666665,42.96194444444444,1338.0,0.2972405253023076,"{""0"": 75, ""1"": 74}",2,0,50.3
607,5387.147937500004,5710.981388888889,42.59722222222222,1378.0,0.296646044251703,"{""0"": 70, ""1"": 69}",2,0,50.4
608,5116.681625000003,5845.24,43.139722222222225,1333.0,0.2960527521631996,"{""0"": 80, ""1"": 79}",2,0,50.3
609,5198.789499999997,5868.352222222222,43.580555555555556,1349.0,0.29546064665887317,"{""0"": 74, ""1"": 74}",2,0,50.0
610,4972.838187500001,5944.7219444444445,43.8275,1308.0,0.29486972536555545,"{""0"": 74, ""1"": 74}",2,0,50.0
611,5216.851375000005,5877.402222222222,43.228611111111114,1355.0,0.29427998591482435,"{""0"": 79, ""1"": 79}",2,0,50.0
612,5220.076437499996,5733.9575,42.21194444444444,1345.0,0.2936914259429947,"{""0"": 79, ""1"": 79}",2,0,50.0
613,4729.500500000004,5792.850555555556,42.825833333333335,1252.0,0.2931040430911087,"{""0"": 77, ""1"": 76}",2,0,50.3
614,4981.129625,5853.685,43.11,1305.0,0.2925178350049265,"{""0"": 76, ""1"": 76}",2,0,50.0
615,5383.857000000006,5852.566111111111,43.326388888888886,1386.0,0.29193279933491667,"{""0"": 81, ""1"": 80}",2,0,50.3
616,5167.571000000001,5867.912222222222,43.24666666666667,1342.0,0.2913489337362468,"{""0"": 71, ""1"": 71}",2,0,50.0
617,4956.320312499999,5845.209722222222,43.07277777777778,1300.0,0.2907662358687743,"{""0"": 77, ""1"": 76}",2,0,50.3
618,5185.998624999995,5953.275555555556,43.65638888888889,1352.0,0.2901847033970368,"{""0"": 78, ""1"": 77}",2,0,50.3
619,5130.9152499999855,5881.479444444444,43.3675,1336.0,0.2896043339902427,"{""0"": 76, ""1"": 76}",2,0,50.0
620,5024.3403124999895,5809.176388888889,42.95055555555555,1310.0,0.2890251253222622,"{""0"": 76, ""1"": 75}",2,0,50.3
621,4794.950187499994,5879.1075,43.216944444444444,1269.0,0.2884470750716177,"{""0"": 74, ""1"": 74}",2,0,50.0
622,4924.560937499993,5823.8375,42.78638888888889,1294.0,0.2878701809214745,"{""0"": 84, ""1"": 84}",2,0,50.0
623,5091.158249999994,5772.510555555556,42.58972222222222,1323.0,0.28729444055963155,"{""0"": 76, ""1"": 76}",2,0,50.0
624,5122.684062499999,5845.406944444445,43.08027777777778,1333.0,0.28671985167851227,"{""0"": 78, ""1"": 77}",2,0,50.3
625,5216.377937500003,5956.895277777778,43.761944444444445,1358.0,0.2861464119751552,"{""0"": 81, ""1"": 81}",2,0,50.0
626,5548.888312499993,5982.315833333333,44.418055555555554,1426.0,0.2855741191512049,"{""0"": 77, ""1"": 76}",2,0,50.3
627,5392.333062500008,5915.7475,43.721666666666664,1390.0,0.2850029709129025,"{""0"": 75, ""1"": 75}",2,0,50.0
628,5157.214312500005,5808.461388888889,43.47527777777778,1337.0,0.2844329649710767,"{""0"": 69, ""1"": 69}",2,0,50.0
629,4883.111125000015,5912.700555555555,43.516666666666666,1287.0,0.2838640990411345,"{""0"": 69, ""1"": 69}",2,0,50.0
630,4984.419500000016,5720.427222222223,42.540277777777774,1297.0,0.28329637084305226,"{""0"": 67, ""1"": 66}",2,0,50.4
631,5035.187124999995,5736.201666666667,42.48833333333334,1310.0,0.2827297781013662,"{""0"": 77, ""1"": 77}",2,0,50.0
632,4908.238875000013,5846.610555555556,42.805,1290.0,0.28216431854516344,"{""0"": 80, ""1"": 80}",2,0,50.0
633,4947.519187499997,5874.9425,43.275,1299.0,0.2815999899080731,"{""0"": 77, ""1"": 77}",2,0,50.0
634,5084.655937499999,5935.1875,43.85916666666667,1330.0,0.281036789928257,"{""0"": 72, ""1"": 72}",2,0,50.0
635,5163.469500000004,5911.98,43.96,1342.0,0.2804747163484005,"{""0"": 64, ""1"": 64}",2,0,50.0
636,5039.1175624999905,5745.188611111111,42.623333333333335,1310.0,0.2799137669157037,"{""0"": 69, ""1"": 69}",2,0,50.0
637,5235.012312499998,5691.323055555556,42.28722222222222,1347.0,0.2793539393818723,"{""0"": 74, ""1"": 73}",2,0,50.3
638,4942.802812500006,5875.948611111111,43.33166666666666,1297.0,0.2787952315031086,"{""0"": 68, ""1"": 68}",2,0,50.0
639,5032.572062500002,5853.076944444444,43.588055555555556,1314.0,0.27823764104010235,"{""0"": 70, ""1"": 70}",2,0,50.0
640,5120.555874999986,5740.696111111111,42.49722222222222,1327.0,0.27768116575802215,"{""0"": 75, ""1"": 75}",2,0,50.0
641,5196.1644375000005,5855.219166666667,43.23277777777778,1348.0,0.2771258034265061,"{""0"": 78, ""1"": 77}",2,0,50.3
642,5265.0201875,5881.296388888889,43.26138888888889,1364.0,0.2765715518196531,"{""0"": 78, ""1"": 78}",2,0,50.0
643,4979.980562500004,5783.680833333333,42.66833333333334,1300.0,0.2760184087160138,"{""0"": 79, ""1"": 79}",2,0,50.0
644,5182.80143749999,5850.315833333333,42.95111111111111,1348.0,0.27546637189858175,"{""0"": 86, ""1"": 85}",2,0,50.3
645,5098.232437500008,5746.108611111111,42.155277777777776,1324.0,0.2749154391547846,"{""0"": 85, ""1"": 85}",2,0,50.0
646,5239.861250000004,5649.95,42.31111111111111,1345.0,0.27436560827647505,"{""0"": 73, ""1"": 73}",2,0,50.0
647,5437.901437500002,5780.4158333333335,42.43555555555555,1394.0,0.2738168770599221,"{""0"": 81, ""1"": 81}",2,0,50.0
648,5231.6444375000265,5859.5525,43.43888888888889,1356.0,0.2732692433058022,"{""0"": 74, ""1"": 74}",2,0,50.0
649,5194.927062500015,5841.296388888889,42.87777777777778,1349.0,0.2727227048191906,"{""0"": 83, ""1"": 83}",2,0,50.0
650,5178.431187499984,5781.005833333334,42.86611111111111,1339.0,0.27217725940955223,"{""0"": 69, ""1"": 69}",2,0,50.0
651,5246.067687500009,5706.0825,42.66444444444444,1350.0,0.2716329048907331,"{""0"": 72, ""1"": 71}",2,0,50.3
652,5292.648312499994,5882.424166666667,43.727777777777774,1368.0,0.2710896390809516,"{""0"": 70, ""1"": 70}",2,0,50.0
653,4963.051500000013,5794.448888888889,42.91277777777778,1297.0,0.2705474598027897,"{""0"": 72, ""1"": 72}",2,0,50.0
654,5136.966249999996,5903.216666666666,43.346111111111114,1340.0,0.27000636488318414,"{""0"": 80, ""1"": 79}",2,0,50.3
655,4881.166937499995,5885.819166666667,43.52722222222222,1284.0,0.26946635215341774,"{""0"": 66, ""1"": 66}",2,0,50.0
656,5175.058375000002,5820.151666666667,42.995,1342.0,0.2689274194491109,"{""0"": 76, ""1"": 75}",2,0,50.3
657,4732.239812499999,5936.864722222223,43.42916666666667,1261.0,0.2683895646102127,"{""0"": 80, ""1"": 80}",2,0,50.0
658,5276.634437499995,5748.9302777777775,42.93888888888889,1358.0,0.2678527854809923,"{""0"": 72, ""1"": 72}",2,0,50.0
659,4983.616312500009,5840.108055555555,43.17916666666667,1304.0,0.2673170799100303,"{""0"": 69, ""1"": 69}",2,0,50.0
660,5180.436062500009,5935.1925,43.74527777777778,1350.0,0.2667824457502102,"{""0"": 81, ""1"": 81}",2,0,50.0
661,4991.339562500001,5922.226944444445,43.4125,1309.0,0.2662488808587098,"{""0"": 75, ""1"": 75}",2,0,50.0
662,4940.869375000007,5876.333333333333,43.45805555555555,1299.0,0.26571638309699236,"{""0"": 73, ""1"": 73}",2,0,50.0
663,4989.983374999998,5812.087777777778,43.12638888888889,1304.0,0.26518495033079836,"{""0"": 73, ""1"": 72}",2,0,50.3
664,5097.572312500001,5810.378611111111,42.77444444444444,1327.0,0.2646545804301368,"{""0"": 77, ""1"": 76}",2,0,50.3
665,5219.875562500005,5766.580833333333,42.68611111111111,1348.0,0.26412527126927654,"{""0"": 76, ""1"": 75}",2,0,50.3
666,5001.642437500011,5879.005833333334,43.40555555555556,1310.0,0.26359702072673796,"{""0"": 78, ""1"": 78}",2,0,50.0
667,4611.079250000013,5765.247777777778,42.26777777777778,1227.0,0.2630698266852845,"{""0"": 81, ""1"": 81}",2,0,50.0
668,5002.248624999993,5809.942222222222,42.848055555555554,1306.0,0.26254368703191394,"{""0"": 71, ""1"": 71}",2,0,50.0
669,5149.697312499997,5926.4175,43.870555555555555,1343.0,0.2620185996578501,"{""0"": 79, ""1"": 79}",2,0,50.0
670,4937.259249999991,5911.378333333333,43.48305555555555,1300.0,0.2614945624585344,"{""0"": 81, ""1"": 80}",2,0,50.3
671,4810.290875000001,5778.543333333333,42.430277777777775,1267.0,0.26097157333361737,"{""0"": 78, ""1"": 78}",2,0,50.0
672,5302.784375000014,5859.444444444444,43.15138888888889,1370.0,0.2604496301869501,"{""0"": 78, ""1"": 78}",2,0,50.0
673,4953.521062500006,5837.525833333333,43.1325,1299.0,0.2599287309265762,"{""0"": 76, ""1"": 76}",2,0,50.0
674,5169.754125000006,5805.070555555556,42.86055555555556,1341.0,0.259408873464723,"{""0"": 76, ""1"": 76}",2,0,50.0
675,5202.793937500008,5737.143611111111,42.54388888888889,1343.0,0.25889005571779355,"{""0"": 75, ""1"": 74}",2,0,50.3
676,4917.662875000009,5827.237222222222,43.05111111111111,1291.0,0.25837227560635795,"{""0"": 72, ""1"": 72}",2,0,50.0
677,5192.509625000014,5885.279444444444,43.784444444444446,1350.0,0.25785553105514525,"{""0"": 76, ""1"": 76}",2,0,50.0
678,5054.48149999999,5704.640555555556,42.38027777777778,1311.0,0.25733981999303496,"{""0"": 75, ""1"": 75}",2,0,50.0
679,5127.680625000005,5908.155555555555,43.78194444444444,1337.0,0.2568251403530489,"{""0"": 70, ""1"": 70}",2,0,50.0
680,4792.024687499999,5811.520833333333,42.848055555555554,1265.0,0.2563114900723428,"{""0"": 76, ""1"": 76}",2,0,50.0
681,5054.705312500013,5922.284722222223,43.76916666666666,1324.0,0.25579886709219807,"{""0"": 78, ""1"": 78}",2,0,50.0
682,5195.967187499992,5866.404166666666,43.22694444444444,1348.0,0.25528726935801366,"{""0"": 76, ""1"": 76}",2,0,50.0
683,5189.002999999998,5845.372777777778,43.905833333333334,1345.0,0.25477669481929766,"{""0"": 66, ""1"": 66}",2,0,50.0
684,5292.021062500003,5804.348055555555,43.04194444444445,1366.0,0.25426714142965906,"{""0"": 84, ""1"": 84}",2,0,50.0
685,5155.629312499995,5883.855833333333,43.4125,1341.0,0.25375860714679976,"{""0"": 74, ""1"": 73}",2,0,50.3
686,5145.228250000006,5790.785555555555,42.736666666666665,1334.0,0.25325108993250617,"{""0"": 76, ""1"": 75}",2,0,50.3
687,4973.8690625000045,5707.379166666667,42.261944444444445,1297.0,0.25274458775264114,"{""0"": 79, ""1"": 79}",2,0,50.0
688,5182.243562499997,5837.2675,43.281666666666666,1344.0,0.25223909857713583,"{""0"": 69, ""1"": 68}",2,0,50.4
689,5118.702250000011,5884.153888888889,43.45027777777778,1333.0,0.25173462037998157,"{""0"": 68, ""1"": 68}",2,0,50.0
690,5216.536812499998,5899.014166666667,43.626666666666665,1355.0,0.2512311511392216,"{""0"": 77, ""1"": 77}",2,0,50.0
691,5058.733250000002,5752.8133333333335,42.409444444444446,1316.0,0.25072868883694316,"{""0"": 77, ""1"": 77}",2,0,50.0
692,5485.062437500003,5858.616944444444,43.507777777777775,1406.0,0.2502272314592693,"{""0"": 73, ""1"": 73}",2,0,50.0
693,4955.410937499992,5787.018055555555,42.818333333333335,1297.0,0.24972677699635074,"{""0"": 77, ""1"": 76}",2,0,50.3
694,5446.041749999992,5909.32,43.355,1398.0,0.24922732344235804,"{""0"": 74, ""1"": 73}",2,0,50.3
695,5088.538249999997,5980.543888888889,43.853611111111114,1334.0,0.24872886879547332,"{""0"": 83, ""1"": 83}",2,0,50.0
696,4929.937500000009,5797.2444444444445,42.85888888888889,1290.0,0.24823141105788238,"{""0"": 73, ""1"": 73}",2,0,50.0
697,5226.483000000001,5885.795,43.469722222222224,1357.0,0.2477349482357666,"{""0"": 83, ""1"": 82}",2,0,50.3
698,5540.330937500013,5853.179166666667,43.47666666666667,1415.0,0.24723947833929508,"{""0"": 69, ""1"": 69}",2,0,50.0
699,5174.013812500004,5866.5663888888885,43.315,1345.0,0.2467449993826165,"{""0"": 78, ""1"": 78}",2,0,50.0
700,5031.130125000004,5963.23,44.21083333333333,1320.0,0.24625150938385126,"{""0"": 70, ""1"": 70}",2,0,50.0
701,5445.46518750001,5883.2797222222225,43.2625,1402.0,0.24575900636508355,"{""0"": 88, ""1"": 87}",2,0,50.3
702,5337.371125000014,5877.461666666667,43.38333333333333,1378.0,0.24526748835235337,"{""0"": 74, ""1"": 73}",2,0,50.3
703,5294.188812500018,5871.241388888889,43.40027777777778,1370.0,0.24477695337564867,"{""0"": 80, ""1"": 80}",2,0,50.0
704,5139.755749999986,5849.905,43.604166666666664,1334.0,0.24428739946889738,"{""0"": 70, ""1"": 70}",2,0,50.0
705,5088.845999999993,5856.29,43.01722222222222,1328.0,0.24379882466995959,"{""0"": 78, ""1"": 78}",2,0,50.0
706,4912.669937500002,5840.561388888889,42.89055555555556,1291.0,0.24331122702061966,"{""0"": 77, ""1"": 77}",2,0,50.0
707,5401.909562499998,5885.068611111111,43.46388888888889,1390.0,0.24282460456657842,"{""0"": 76, ""1"": 76}",2,0,50.0
708,5208.898687499986,5833.114166666666,43.04472222222222,1350.0,0.24233895535744526,"{""0"": 79, ""1"": 79}",2,0,50.0
709,5183.870500000015,5902.614444444444,43.20722222222222,1348.0,0.24185427744673038,"{""0"": 80, ""1"": 79}",2,0,50.3
710,5288.9935624999825,5864.850833333333,43.63444444444445,1366.0,0.24137056889183692,"{""0"": 68, ""1"": 68}",2,0,50.0
711,5115.921187500004,5718.9141666666665,42.31027777777778,1326.0,0.24088782775405324,"{""0"": 78, ""1"": 78}",2,0,50.0
712,5351.397250000007,5799.712222222222,42.99666666666667,1375.0,0.24040605209854513,"{""0"": 71, ""1"": 70}",2,0,50.4
713,4955.265062500002,5741.144166666667,42.409444444444446,1291.0,0.23992523999434803,"{""0"": 74, ""1"": 73}",2,0,50.3
714,4919.281562500006,5903.768055555555,43.80916666666667,1295.0,0.23944538951435934,"{""0"": 73, ""1"": 73}",2,0,50.0
715,4824.308937500003,5950.763055555555,43.68638888888889,1278.0,0.23896649873533063,"{""0"": 69, ""1"": 68}",2,0,50.4
716,5154.7693750000135,5874.7,43.03805555555556,1342.0,0.23848856573785998,"{""0"": 78, ""1"": 78}",2,0,50.0
717,5147.755187500003,5831.199166666666,42.85,1336.0,0.23801158860638427,"{""0"": 76, ""1"": 75}",2,0,50.3
718,5394.103000000002,5841.892222222222,43.19555555555556,1387.0,0.2375355654291715,"{""0"": 77, ""1"": 77}",2,0,50.0
719,4867.219999999999,5854.561111111111,43.535,1281.0,0.23706049429831316,"{""0"": 71, ""1"": 70}",2,0,50.4
720,5310.573187499981,5852.419166666667,43.62277777777778,1370.0,0.23658637330971655,"{""0"": 68, ""1"": 68}",2,0,50.0
721,5565.6990000000005,5769.0905555555555,42.54694444444444,1421.0,0.23611320056309712,"{""0"": 86, ""1"": 86}",2,0,50.0
722,5195.4275,5805.486111111111,42.85583333333334,1345.0,0.2356409741619709,"{""0"": 74, ""1"": 74}",2,0,50.0
723,5309.622437499998,5840.300277777777,43.07666666666667,1370.0,0.23516969221364697,"{""0"": 80, ""1"": 79}",2,0,50.3
724,5069.679312499986,5802.033611111111,42.86972222222222,1321.0,0.2346993528292197,"{""0"": 77, ""1"": 77}",2,0,50.0
725,5400.052312499988,5801.150833333333,42.925555555555555,1387.0,0.23422995412356126,"{""0"": 77, ""1"": 76}",2,0,50.3
726,5199.401437500015,5871.065833333333,43.29,1352.0,0.23376149421531414,"{""0"": 84, ""1"": 84}",2,0,50.0
727,5109.952374999996,5896.764444444444,43.625277777777775,1333.0,0.2332939712268835,"{""0"": 73, ""1"": 72}",2,0,50.3
728,5140.024000000004,5765.4238888888885,42.71361111111111,1329.0,0.23282738328442973,"{""0"": 73, ""1"": 72}",2,0,50.3
729,5095.535312499988,5873.109722222222,43.07611111111111,1328.0,0.23236172851786085,"{""0"": 74, ""1"": 73}",2,0,50.3
730,5442.322875000016,5824.998333333333,43.765,1395.0,0.23189700506082514,"{""0"": 69, ""1"": 69}",2,0,50.0
731,5331.797374999997,5891.133888888889,43.61,1377.0,0.2314332110507035,"{""0"": 75, ""1"": 75}",2,0,50.0
732,5233.565062500004,5915.791388888889,43.5475,1358.0,0.23097034462860208,"{""0"": 84, ""1"": 83}",2,0,50.3
733,5285.03837500001,5864.557222222223,42.93833333333333,1369.0,0.23050840393934488,"{""0"": 85, ""1"": 85}",2,0,50.0
734,5086.675937500006,5899.626388888889,43.631388888888885,1328.0,0.2300473871314662,"{""0"": 76, ""1"": 76}",2,0,50.0
735,4731.483062499991,5819.380833333334,42.980555555555554,1252.0,0.22958729235720327,"{""0"": 66, ""1"": 66}",2,0,50.0
736,4916.44825,5816.599444444444,43.01583333333333,1290.0,0.22912811777248887,"{""0"": 74, ""1"": 74}",2,0,50.0
737,5265.957000000003,5724.346666666666,42.73444444444444,1356.0,0.22866986153694388,"{""0"": 76, ""1"": 76}",2,0,50.0
738,4994.697374999994,5772.750555555555,42.717777777777776,1301.0,0.22821252181387,"{""0"": 71, ""1"": 70}",2,0,50.4
739,5113.1898749999855,5834.586666666667,43.22083333333333,1331.0,0.22775609677024225,"{""0"": 77, ""1"": 77}",2,0,50.0
740,5433.530687499994,5963.233055555555,44.049166666666665,1401.0,0.22730058457670177,"{""0"": 76, ""1"": 75}",2,0,50.3
741,5191.0555000000095,5861.253333333333,43.233333333333334,1348.0,0.22684598340754836,"{""0"": 86, ""1"": 85}",2,0,50.3
742,4909.474375000001,5876.0055555555555,43.408055555555556,1292.0,0.22639229144073325,"{""0"": 74, ""1"": 73}",2,0,50.3
743,5279.526437499983,5844.2325,43.367777777777775,1365.0,0.22593950685785177,"{""0"": 79, ""1"": 79}",2,0,50.0
744,5299.815500000007,5896.650555555556,43.5975,1370.0,0.22548762784413606,"{""0"": 73, ""1"": 72}",2,0,50.3
745,5187.093812499999,5802.841388888889,43.26861111111111,1343.0,0.2250366525884478,"{""0"": 74, ""1"": 73}",2,0,50.3
746,5268.6899374999975,5857.505833333334,43.00111111111111,1363.0,0.2245865792832709,"{""0"": 75, ""1"": 75}",2,0,50.0
747,4992.004187499995,5891.461944444444,43.47416666666667,1308.0,0.22413740612470434,"{""0"": 75, ""1"": 75}",2,0,50.0
748,5109.139874999993,5854.347777777778,43.18083333333333,1331.0,0.22368913131245494,"{""0"": 73, ""1"": 73}",2,0,50.0
749,5013.167687499975,5891.260277777777,43.93277777777778,1311.0,0.22324175304983002,"{""0"": 70, ""1"": 70}",2,0,50.0
750,5319.855312500002,5847.531944444445,43.516666666666666,1372.0,0.22279526954373036,"{""0"": 73, ""1"": 73}",2,0,50.0
751,5200.909625000003,5942.271111111111,43.81305555555556,1356.0,0.2223496790046429,"{""0"": 83, ""1"": 83}",2,0,50.0
752,5091.465999999995,5731.115,42.759166666666665,1318.0,0.2219049796466336,"{""0"": 70, ""1"": 70}",2,0,50.0
753,5185.91206249999,5898.035277777778,43.17166666666667,1351.0,0.22146116968734034,"{""0"": 87, ""1"": 86}",2,0,50.3
754,5218.03375,5955.155555555555,44.18055555555556,1356.0,0.22101824734796566,"{""0"": 71, ""1"": 70}",2,0,50.4
755,5143.526125000009,5894.675555555556,43.40972222222222,1341.0,0.22057621085326973,"{""0"": 81, ""1"": 80}",2,0,50.3
756,5122.578937499993,5857.138055555555,43.08722222222222,1335.0,0.2201350584315632,"{""0"": 86, ""1"": 86}",2,0,50.0
757,4884.024312499994,5749.375277777778,42.535,1282.0,0.21969478831470007,"{""0"": 82, ""1"": 82}",2,0,50.0
758,4987.248687499996,5834.9336111111115,43.06,1304.0,0.21925539873807068,"{""0"": 74, ""1"": 73}",2,0,50.3
759,5390.918749999996,5827.363888888889,42.86638888888889,1385.0,0.21881688794059453,"{""0"": 84, ""1"": 84}",2,0,50.0
760,5046.844687500014,5889.451388888889,43.70444444444445,1320.0,0.21837925416471335,"{""0"": 72, ""1"": 72}",2,0,50.0
761,5015.281812499988,5959.478055555555,43.590833333333336,1318.0,0.21794249565638393,"{""0"": 81, ""1"": 81}",2,0,50.0
762,5197.676999999993,5807.332777777778,42.94083333333333,1347.0,0.21750661066507115,"{""0"": 79, ""1"": 78}",2,0,50.3
763,5557.385687500004,5843.063611111111,43.202777777777776,1421.0,0.21707159744374102,"{""0"": 78, ""1"": 77}",2,0,50.3
764,5061.342187500003,5842.676388888889,43.283055555555556,1319.0,0.21663745424885353,"{""0"": 72, ""1"": 72}",2,0,50.0
765,5178.0878125000045,5911.084722222222,43.3525,1347.0,0.21620417934035582,"{""0"": 73, ""1"": 72}",2,0,50.3
766,5023.709687500006,5878.215277777777,43.31861111111111,1316.0,0.2157717709816751,"{""0"": 79, ""1"": 78}",2,0,50.3
767,4919.462124999992,5842.890555555556,42.861111111111114,1294.0,0.21534022743971176,"{""0"": 82, ""1"": 81}",2,0,50.3
768,5061.5546250000125,5826.662777777778,43.07055555555556,1320.0,0.21490954698483233,"{""0"": 77, ""1"": 77}",2,0,50.0
769,5137.906812500016,5909.294722222222,43.639722222222225,1339.0,0.21447972789086267,"{""0"": 79, ""1"": 78}",2,0,50.3
770,4976.377187499994,5879.954166666666,43.47027777777778,1304.0,0.21405076843508095,"{""0"": 65, ""1"": 65}",2,0,50.0
771,5127.630625000003,5893.6305555555555,44.10944444444444,1336.0,0.21362266689821077,"{""0"": 70, ""1"": 69}",2,0,50.4
772,5176.551125000018,5851.661666666667,43.416666666666664,1343.0,0.21319542156441434,"{""0"": 72, ""1"": 71}",2,0,50.3
773,4845.200812499996,5808.246388888889,42.75,1275.0,0.21276903072128553,"{""0"": 77, ""1"": 77}",2,0,50.0
774,5577.752437500006,5801.436388888889,43.19138888888889,1421.0,0.21234349265984295,"{""0"": 78, ""1"": 78}",2,0,50.0
775,5304.621125000002,5878.858888888889,43.31305555555556,1371.0,0.21191880567452326,"{""0"": 73, ""1"": 72}",2,0,50.3
776,5066.439500000012,5805.949444444444,42.67638888888889,1319.0,0.21149496806317422,"{""0"": 76, ""1"": 75}",2,0,50.3
777,5205.860187499993,5862.474166666667,43.514722222222225,1351.0,0.21107197812704787,"{""0"": 77, ""1"": 76}",2,0,50.3
778,5094.650499999997,5862.606111111111,43.29472222222222,1327.0,0.21064983417079378,"{""0"": 72, ""1"": 71}",2,0,50.3
779,4866.918750000006,5841.616666666667,42.696666666666665,1283.0,0.21022853450245219,"{""0"": 86, ""1"": 86}",2,0,50.0
780,5102.0170625,5927.396388888889,44.17777777777778,1331.0,0.2098080774334473,"{""0"": 68, ""1"": 67}",2,0,50.4
781,5205.331937500002,5836.669166666667,43.041111111111114,1349.0,0.20938846127858038,"{""0"": 80, ""1"": 80}",2,0,50.0
782,5119.787937499992,5749.253611111111,42.49944444444444,1329.0,0.20896968435602323,"{""0"": 81, ""1"": 81}",2,0,50.0
783,5396.3424375000095,5855.200277777778,43.108333333333334,1387.0,0.2085517449873112,"{""0"": 79, ""1"": 78}",2,0,50.3
784,4768.304999999993,5843.866666666667,42.925,1262.0,0.20813464149733657,"{""0"": 80, ""1"": 79}",2,0,50.3
785,5301.844750000005,5807.053888888889,42.88583333333333,1367.0,0.2077183722143419,"{""0"": 83, ""1"": 82}",2,0,50.3
786,5035.433312500004,5763.621388888889,42.71194444444444,1310.0,0.2073029354699132,"{""0"": 74, ""1"": 73}",2,0,50.3
787,5122.624937500006,5839.066944444445,42.87388888888889,1334.0,0.20688832959897338,"{""0"": 83, ""1"": 83}",2,0,50.0
788,5134.748499999991,5791.001111111111,42.97,1334.0,0.20647455293977543,"{""0"": 80, ""1"": 80}",2,0,50.0
789,5093.197562499996,5879.4025,43.26638888888889,1328.0,0.20606160383389588,"{""0"": 72, ""1"": 72}",2,0,50.0
790,5125.708687500003,5747.161388888889,42.58555555555556,1329.0,0.2056494806262281,"{""0"": 74, ""1"": 74}",2,0,50.0
791,4781.653125000002,5863.663888888889,43.04055555555556,1264.0,0.20523818166497565,"{""0"": 72, ""1"": 72}",2,0,50.0
792,4956.230062499997,5794.108055555555,42.95638888888889,1298.0,0.2048277053016457,"{""0"": 79, ""1"": 79}",2,0,50.0
793,5141.231937500001,5800.469166666667,42.891666666666666,1334.0,0.20441804989104242,"{""0"": 73, ""1"": 73}",2,0,50.0
794,5196.971562500017,5853.423611111111,43.3425,1348.0,0.20400921379126033,"{""0"": 77, ""1"": 77}",2,0,50.0
795,5039.797312499999,5821.173055555556,43.297777777777775,1314.0,0.20360119536367782,"{""0"": 69, ""1"": 69}",2,0,50.0
796,5004.760187499986,5989.638055555555,44.24,1316.0,0.20319399297295046,"{""0"": 73, ""1"": 72}",2,0,50.3
797,4986.822000000006,5754.696666666667,42.565,1298.0,0.20278760498700457,"{""0"": 62, ""1"": 62}",2,0,50.0
798,5041.372062500012,5921.224166666667,43.31777777777778,1323.0,0.20238202977703057,"{""0"": 86, ""1"": 86}",2,0,50.0
799,5261.454187499994,5738.350833333333,42.43527777777778,1356.0,0.2019772657174765,"{""0"": 81, ""1"": 81}",2,0,50.0
800,5144.296687499991,5943.103611111111,43.62444444444444,1343.0,0.20157331118604155,"{""0"": 77, ""1"": 77}",2,0,50.0
